caption_idx,image_idx,caption
0,0,"A group of four young children, three girls and one boy are sitting on the floor inside, with a bottle of water in front of the girl wearing glasses."
1,0,There are several Asian children sitting cross legged on a concrete floor.
2,0,A small group of children all looking in the same direction.
3,0,The children in class are sitting on the floor.
4,0,Three girls are sitting on the floor.
5,1,A young girl is stroking a white bunny rabbit that is sitting in her lap.
6,1,A brown-haired woman wearing a silver watch is petting a white rabbit.
7,1,A young woman is stroking the white rabbit that is sitting on her leg.
8,1,A woman in blue jeans is siting petting a rabbit.
9,1,Rabbits can be pets not just food.
10,2,The employees of a culinary establishment prepare food for watching customers.
11,2,Deli workers hand paper plates of food across a counter to customers.
12,2,A couple is having lunch along with wine in a bar-style restaurant.
13,2,Three employees in white serve customers wine and canapes.
14,2,A group of people being served at a wine and food bar.
15,3,A girl in a bright blue dress stands in the street in front of a red building.
16,3,A girl in a blue dress standing next to a wooden post on sidewalk.
17,3,A little girl in a blue dress hides behind an electric pole.
18,3,A little girl is hiding behind a pole on the sidewalk.
19,3,The little girl is watching the lady on the ground.
20,4,A couple with a young child wrapped in a blanket sitting on a concrete step
21,4,The man and woman are sitting on wooden steps holding a baby.
22,4,A woman and a man holding a child sit on steps.
23,4,A young family sits on steps enjoying the day
24,4,A young family sitting on stone steps.
25,5,"A smiling young woman in a red t-shirt, sitting on a stool playing a guitar in a room with guitars on the wall."
26,5,A woman with wavy hair wears a red t-shirt and black pants while she sits on a stool playing the guitar.
27,5,A woman wearing a red shirt and black pants is sitting on a stool and holding a guitar.
28,5,A woman is sitting on a stool and playing a guitar with a smile on her face.
29,5,Girl playing a guitar to see if it works.
30,6,"A person wearing a red, white, and blue helmet sitting on a motorcycle."
31,6,A man with a tattoo on his elbow is wearing a helmet with a mohawk.
32,6,A man with a strange helmet is sitting on top of a blue motorcycle.
33,6,Man with a T-shirt and helmet sitting on top of a motorcycle.
34,6,A man with a red mohawk waiting at a red light.
35,7,Several people standing in silhouette looking over a balcony.
36,7,Seven people leaning over a rail wearing business attire.
37,7,Several people look down from above the first floor.
38,7,A peoples wearing all black clothes
39,7,A group of people look over ledge.
40,8,"A crowd of people, some standing by a river, some in the river with old buildings in the background."
41,8,A group of people are near a small river in the middle of a city.
42,8,"People are bathing in water, possibly for religious reasons."
43,8,A large group of people are gathered near a plaza and water.
44,8,A crowd bathing in a body of water surrounded by a city.
45,9,"This appears to be a woman posing near a large, moss-covered rock outcropping."
46,9,A person hangs of the vertical side of gigantic rocks in a wooded area.
47,9,A large rock formation in the middle of a forest.
48,9,A guy is hanging on a big rock in the woods.
49,9,A man hangs from the edge of a rock.
50,10,"A band performs a song with a saxophone, guitars, base, drums and a keyboard."
51,10,A group of men are holding various instruments and playing music.
52,10,The two guys in the blue jackets are playing guitars.
53,10,A jazz cover band plays under hot strobe lights.
54,10,Band members are playing a song on stage.
55,11,A man is on stage in front of a crowd of people sitting in chairs.
56,11,A group of people listen to man standing at a podium.
57,11,Speaker talking in front of large group of people.
58,11,People attending a conference with a lecturer.
59,11,Several people paying attention to a lecture.
60,12,"A man and a woman are smiling, sitting against a painted wall, with the woman holding the neck of an acoustic guitar."
61,12,A man and a woman are laughing together while the woman holds and acoustic guitar.
62,12,A man and a woman in jeans are sitting on either side of a guitar.
63,12,"Posing with their much loved guitar, a couple smiles joyously."
64,12,"Two People, smiling holding a musical instrument."
65,13,A man in a green shirt plays a game with clowns while a man in red shirt watches.
66,13,A man in a green jacket plays a clown-themed carnival game while others watch.
67,13,A man in a green jacket is playing a game to win a prize.
68,13,A man in a green jacket is playing a fairground game.
69,13,A guy playing a game at a fair.
70,14,A Boston Red Sox baseball player holds the bat waiting for the incoming pitch.
71,14,A player on the Boston Red Sox prepares for a pitch during a game.
72,14,Baseball batter ready to hit the ball
73,14,A Boston baseball player at bat
74,14,A man is playing baseball.
75,15,"A woman with a red shirt and a star tattoo on her arm holds an apple behind a display of ""Fresh Juicy Australian Navel Oranges."""
76,15,"A woman holding an apple standing next to a display of oranges, apples and melons."
77,15,Yellow oranges and green apples for sale at a market.
78,15,Girl in red shirt standing over rows of oranges.
79,15,Woman peruses a fruit stand full of oranges.
80,16,A colorfully dressed young man with visible skin lesions is sitting and smoking a cigarette.
81,16,A young man with darker skin and a shaved head is sitting down smoking a cigarette.
82,16,A kid with his head shaved sitting and holding a lit cigarette.
83,16,A young man in a blue poncho smoking a cigarette.
84,16,A boy is sitting down while smoking.
85,17,A child in a red longsleeve shirt is pointing at the red tulips.
86,17,A child in a red jacket is pointing at beautiful orange flowers.
87,17,The child in the red jacket is looking at the flowers.
88,17,A boy in a red jacket points at red tulips.
89,17,A boy in red is pointing to a red tulip.
90,18,"A boy wearing a white shirt that says ""Make Some Noise"" is eating food off of a fork and making a funny face with his head tilted to the side."
91,18,"A guy in a Nike shirt that reads ""MAKE SOME NOISE"" tilts his head sideways as he eats."
92,18,A man is making a funny face while eating cake.
93,18,A young man in a Nike t-shirt is eating cake.
94,18,An asian boy eating a piece of cake.
95,19,A man with a mallet is carving a creature out of stone.
96,19,A sculptor chipping away at marble to create a statue.
97,19,A marble sculptor is sculpting some kind of monster.
98,19,A man looks intent while sculpting a gargoyle.
99,19,A man in a white shirt is sculpting
100,20,A girl in pink and yellow on a pink and orange surfboard cuts through the wave.
101,20,A woman in a yellow shirt surfs on a pink surfboard.
102,20,The girl catches a wave on her pink surfboard.
103,20,A woman on a surfboard rides a wave
104,20,A surfer rides the wave.
105,21,"Two women, one with a black and red helmet and the other with a white helmet with a star, that are skating."
106,21,A roller-skating woman in red and black socks and a black shirt is elbowing another skater out of her way.
107,21,Two women competing in a roller derby with several teammates and referee in the background.
108,21,Two women bumping into each other during a roller derby game.
109,21,Two women in a roller derby competition.
110,22,A young girl jumps into the deep end of a swimming pool while a young boy is nearby.
111,22,A girl with a boy standing behind her is stepping into a swimming pool
112,22,A boy and a girl playing in the pool on a sunny day.
113,22,Young girl jumping into a swimming pool.
114,22,A girl in a bikini jumps into a pool
115,23,A man wearing tan pants is sitting on a red couch inside a house.
116,23,A man in a suit jacket is sitting on a red couch with a cat.
117,23,A man in a suit and a cat resting on a red couch.
118,23,A man sits on a red sofa next to a cat.
119,23,The photo is too dark to make out.
120,24,A man with a beard and a light brown shirt is near a chart that has LMMVSD on it.
121,24,A man with a white beard is wearing an apron and in the kitchen.
122,24,A man with a beard wears an apron around his neck and smiles.
123,24,A man with a beard surprised when his picture is taken.
124,24,A man with a gray beard and an apron smiles.
125,25,An African American in a red top and white and brown skirt crosses a street while a man in a blue shirt runs on it.
126,25,A woman wearing a pink white and orange dress with braids in her hair walking down a busy street.
127,25,"A dark-skinned woman, wearing a pink top and brown and white skirt, is crossing the street."
128,25,"A woman walking in a street with a young boy in front of her, and a running man behind her."
129,25,Woman in red white and brown dress walking down a busy street.
130,26,A man with a red hat looking at something in a glass counter and starfish on top in a metal container.
131,26,An Asian man in a red hat stands in front of a water tank that has starfish drying out on top of it.
132,26,"A man is showcasing various types of seafood on a stick, including starfish."
133,26,Man wearing a red had as part of a uniform behind a glass case full of meat.
134,26,A man looks over a food selection at a counter.
135,27,Two women and a man in a studio looking at a large portrait of Cher.
136,27,Two women and a man are standing in front of a painting of Cher.
137,27,Pop art of Cher made to look like Che Guevera.
138,27,Adults look at an artistic image in a museum.
139,27,People looking at a painting of Cher.
140,28,"Two women on a city street speak to another woman with purple hair who is wearing a cowboy hat, and nipple pasties and carrying a guitar."
141,28,"A woman with purple hair and wearing only a cowboy hat, boots, and a guitar talks to two eclectically dressed women."
142,28,"Three women stop to talk in the middle of the street, one with purple hair and nipple covers"
143,28,"Some women talk outside, one with purple hair and red pasties."
144,28,Women are talking to an older woman in very little clothing.
145,29,Two children throw dead leaves into the air around them.
146,29,Children are playing with leaves in the autumn.
147,29,Children in coats playing in fall leaves.
148,29,Children tossing dead leaves on lawn.
149,29,A child walks outside as leaves fall.
150,30,A man in an alley photographed from above appears to be in the act of throwing a small object towards the photographer.
151,30,A man in an alleyway getting ready to throw an object up to someone above.
152,30,A man in a black shirt in the road throwing something
153,30,A boy in a black t-shirt gets ready to throw.
154,30,A boy is about to throw a rock in an alley.
155,31,A young Asian man in a blue shirt with a small beard and mustache takes notes with a pencil from a large book.
156,31,A young Asian man studying with a pencil and a dictionary while drinking a cola.
157,31,A young man writing down answers or perhaps taking notes in a classroom.
158,31,An Asian man reading book and taking notes.
159,31,A man is copying text from a book.
160,32,Two women wearing winter coats examine a wall with papers attached to it.
161,32,The lady in the red jacket is helping the other lady decide what to buy.
162,32,Two woman are looking on different types of papers and photos on a wall
163,32,Two woman wearing jackets are looking at a board.
164,32,Two ladies are looking at jewelry.
165,33,A boy in a swimsuit and goggles is running on wet sand near water with other people in the background in the water.
166,33,A boy is covered in wet sand playing at a beach while a group of people enjoy the ocean in the background.
167,33,A young boy wearing a bathing suit and goggles plays on the sand at the beach.
168,33,"A boy enjoying the sun, as the people in the back enjoy the ocean."
169,33,"A young boy, covered in mud, plays on the beach."
170,34,Some people are walking through a narrow crevice in some rocks.
171,34,People are squeezing through a space between rocks.
172,34,Two people who are making there way between rocks.
173,34,Tourists enter and inspect a geological crevice.
174,34,People shimmy along a narrow pathway.
175,35,"A young man with long, frizzy hair pulled back in a ponytail and wearing a blue button-up shirt plays the clarinet."
176,35,A man with a ponytail wearing a blue collared shirt is playing an instrument's mouthpiece.
177,35,A man with long hair tied back and wearing a blue shirt is playing a clarinet.
178,35,A young man playing the clarinet wearing a baby blue button-up shirt.
179,35,A musician is reading music while playing his clarinet.
180,36,A gymnast number 046 facing the center of the mat with hands above her head in the shape of a heart.
181,36,A female gymnast in a black unitard and viewed from behind prepares for a tumbling pass.
182,36,A gymnast in navy sparkly blue warms up for her routine.
183,36,A woman gymnast makes a heart with her arms.
184,36,Gymnast #046 making a heart with her arms.
185,37,"A man in a blue shirt with white stripes, sits on the side of the road with his thumb to his mouth by a wheelbarrow full of fruit and vegetables."
186,37,"A man sits in front of a blue wheelbarrow full of produce, his thumb pressed against his mouth."
187,37,An elderly man sits in a street with a wheelbarrow full of vegetables in front of him.
188,37,Man in blue shirt sitting on the side of the road with a wheelbarrow of vegetables
189,37,A man sits behind a wheelbarrow full of vegetables.
190,38,"Three middle-age women are on a stage, one singing and the other two cheerleading in blue uniforms."
191,38,Two female cheerleaders and another woman with a microphone ride atop a vehicle.
192,38,"A woman with red-hair wearing blue, holding up blue pompoms and celebrating."
193,38,There are three ladies dress in blue stand cheering.
194,38,Three cheerleaders are rooting for their team.
195,39,A girl wearing a white sweater over a gray shirt is holding her hand over her mouth as she laughs.
196,39,A woman in a white sweater covers her mouth at the dinner table in someone's home.
197,39,A female covering her face in laughter at the dinner table.
198,39,A girl covering her mouth because she is laughing so much.
199,39,A woman covering her mouth.
200,40,Spelunkers pose inside a rock cavern while bathed in sunlight from the surface.
201,40,Shaft of light in a cave shows three spelunkers
202,40,Three rock climbers are posing on big rocks.
203,40,People stand inside a rock dome.
204,40,Three people sit in a cave.
205,41,A rock climber grasps a ledge with his chalk covered hand.
206,41,There is an oriental man climbing up a mountain.
207,41,A young man climbing on a rock with no shirt on
208,41,A man is climbing up a large rocky mountain.
209,41,A closeup of a shirtless man rock climbing.
210,42,"A band that consists of at least 1 drummer, 3 guitarists, and a bassist performs on stage."
211,42,A band of four guitarists and a drummer perform on stage.
212,42,A band performs on stage under a blue light.
213,42,Four guitarists and a drummer on stage.
214,42,A group of men are performing on stage.
215,43,"A golfer, wearing a white shirt, hat, and khaki pants, is celebrating a job well done by holding his hands and club in the air."
216,43,"A male golfer celebrates a triumph by throwing his hands, and golf club, in the air."
217,43,A golfer raising his arms in joy as he does well on a hole.
218,43,A man playing golf with his hands in the air.
219,43,Golfer celebrates after a shot he has made.
220,44,Four different users working in a lab environment each performing duties on computers and laptops.
221,44,"Four people, three men and one woman, are working on their computers."
222,44,Multiple people work on laptops in an officer setting.
223,44,Three men and one woman are working on computers.
224,44,Three men and a woman using laptops together.
225,45,Two women and a man dressed in Victorian era clothing; the man is gesturing to the women in the red dress.
226,45,"Three people, all wearing peasant day outfits and a man bowing to the lady in the red dress."
227,45,A man in period garb and a wig bowing to a curtsying woman similarly clad in period dress.
228,45,A man and a woman wearing old Victorian era costumes greet each other.
229,45,Two women and a man in costume greet each other.
230,46,Three people are gathered around a pit which has skinned animals on sticks that they are cooking.
231,46,A woman in a gray sweater stands behind a row of roasted pigs on sticks.
232,46,Three women sit around a raised fire pit cooking skewered young pigs.
233,46,Two men and a woman up against a brick wall selling pig figurines.
234,46,Asian market with pigs roasting over a pit.
235,47,Two women dressed in blue are walking through a grassy hillside.
236,47,Two older women walk together through a grassy field.
237,47,Two women wearing blue jeans are walking outside.
238,47,Two women walking wearing all blue in a field.
239,47,Two women walking through the field
240,48,A man in a blue shirt is using his hands to play a large drum.
241,48,A black man in a blue shirt plays a drum with his hands.
242,48,A native american male singing and banging on a drum.
243,48,A man in a blue shirt playing the drums and singing.
244,48,"A man, in blue, drums on a bongo while outdoors."
245,49,A woman wearing a wedding gown and holding a flower is standing on the brick sidewalk.
246,49,The long-haired bride is holding a small bouquet as cars drive by.
247,49,The woman in the bridal dress is standing on the brick walkway.
248,49,A bride stands on the curb looking down the road.
249,49,A woman leaving a wedding.
250,50,"A woman in a white and light green jacket and another woman in a purple shirt, both wearing hats, sit at a table watching a cooking fire."
251,50,Two women are wearing hats and working with a blowtorch.
252,50,Two women are sitting at a table making a small fire.
253,50,Women sitting at a table with a small fire.
254,50,Two campers testing a camping stove.
255,51,A person dressed in brown and gray walks down a long street lined with yellow-walled buildings with tiled roofs.
256,51,A man walks down a cobblestone street next to buildings painted tan with red eaves.
257,51,A man walks down an alley between cream colored houses.
258,51,A man is walking down a narrow street.
259,51,Man in black walking up a sidewalk.
260,52,A group of friends playing cards and trying to bluff each other into making a terrible mistake.
261,52,A group of college students gathers to play texas hold em poker.
262,52,Several men play cards while around a green table.
263,52,A group of several men playing poker.
264,52,Six white males playing poker.
265,53,A man holds out a wire basket as he prepares to fill it.
266,53,An Asian man wearing gloves is working at a food stall.
267,53,A man wearing red gloves is holding a red basket.
268,53,A dark-haired man wearing a black apron.
269,53,A man in an apron holding a bowl.
270,54,"A woman with a black sweatband is wrapped in a blue, red and yellow blanket and is smoking."
271,54,"A woman, covered in a red and blue shawl, smoking a cigarette, eyes closed."
272,54,"A woman with a headband wearing a blue, yellow and red hooded jacket."
273,54,The woman wrapped a flag around her body and burned incense.
274,54,The woman with a colorful blanket is smoking a pipe.
275,55,"A man in a pink shirt, sitting on the edge of the telephone booth with his back to us."
276,55,"A man in a pink shirt and shorts, sits in a telephone booth making a telephone call."
277,55,Man crammed into a phone booth wearing a pink shirt.
278,55,A person wearing a red shirt using a pay phone.
279,55,Person in pink shirt using a public phone.
280,56,A gymnast in navy blue with a pink ribbon in her hair is performing on the balancing beam.
281,56,A female gymnast in a black leotard is landing a move on a balance beam.
282,56,A girl is doing a trick on a balance beam.
283,56,A gymnast is balancing on a balance beam.
284,56,A female gymnast on the balance beam.
285,57,"A man wearing a black cap is suspended in the air on a swing, as children are swinging on a swing set."
286,57,People swing on a swing set in a park outside several apartment buildings.
287,57,Four people swinging on a swing set.
288,57,Kids are playing on a playground.
289,57,People on swings in a city park.
290,58,"Two men, dressed in business suits, wearing long black coats, sharing a blue plaid umbrella, standing against a graffiti painted brick wall."
291,58,Two young men in long jackets stand under an umbrella in front of a brick wall with graffiti.
292,58,"Two men in suits standing under an umbrella, next to a wall covered in graffiti."
293,58,Two men in suits under an umbrella and in front of graffiti.
294,58,Two men in black holding an umbrella in the street.
295,59,The snowboarder is doing a stunt high in the air at night.
296,59,A skateboarder is jumping almost as high as a building.
297,59,A snowboarder jumping off a tall brick building.
298,59,Snowboarder jumps off rail over snowpile.
299,59,A snowboarder jumps over a pile of snow.
300,60,Two children sharing a space that permits them both to maximize their individual aspirations.
301,60,An Asian and an African American child enjoying themselves at a colorful playground.
302,60,A child in green and a child in orange playing on a jungle gym.
303,60,Two children playing in a colorful playground.
304,60,Two kids are playing in the park.
305,61,A young boy wearing a white hat is climbing rocks.
306,61,A boy climbs rocks in the woods.
307,61,A boy climbing a rocky area.
308,61,A boy climbs up some rocks.
309,61,The boy is wearing a hat.
310,62,A man wearing a yellow shirt and black apron is standing in front of an information booth with some newspapers.
311,62,An elderly African-American man in a yellow shirt is standing in front of an information stand.
312,62,A man selling or delivering newspapers stands in front of a Spanish-language information sign.
313,62,A man with a newspaper cart is standing in front of an information sign.
314,62,A man in a yellow shirt and black apron delivering newspapers.
315,63,A man wearing a jacket is painting a picture while people walk past him.
316,63,A man is doing art on a sidewalk while many other people walk by.
317,63,A male African artist painting in an urban setting.
318,63,A man is painting a picture in a crowd of people.
319,63,A man on the street drawing pictures of people.
320,64,Five men dressed in tuxedos standing on a set of stairs
321,64,Five men in tuxedos are walking down steps.
322,64,Five men in tuxedos walk down a set of steps
323,64,Men in suits and ties walking downsteps
324,64,Five men in suits.
325,65,A man with long hair and a western hat sings and plays the guitar as he sits by the road with his tip jar nearby.
326,65,"A man with long blond-hair, sunglasses and a cowboy hat sits on a milk crate and plays a guitar."
327,65,"A man with a cowboy hat is playing a guitar and singing in a neighborhood, for tips."
328,65,Longhair cowboy plays guitar and drinks moonshine from a jug.
329,65,A man in a cowboy hat is singing and playing a guitar.
330,66,Two ladies are cooking &amp; talking and two gentlemen are talking in the opposite site of the kitchen.
331,66,Two men and two women are preparing food and talking in a kitchen.
332,66,Two men and two women are preparing a large meal in the kitchen.
333,66,Four middle-aged people are preparing a meal in a kitchen.
334,66,An elderly woman places carrots into a casserole.
335,67,A person in a black shirt standing at a table where two people are sitting.
336,67,Two young women pull out their pocketbooks to pay their waitress.
337,67,Women sitting at table one is reaching in wallet.
338,67,Two friends are eating at a cafe.
339,67,Two women eat out at a restaurant
340,68,"A man dressed in a black t-shirt with a white alien on the front, handing out newspaper propaganda."
341,68,A man with a scruffy beard passes out fliers near a few bikes chained to a gate.
342,68,A man in a black jacket is passing out newspapers.
343,68,A man with a beard is selling newspapers.
344,68,A hipster is posing with his banners.
345,69,A man in a construction uniform is guiding a brick wall into place as it is being lowered to the ground.
346,69,"A workman in an orange jumpsuit, vest and hard hat steadying a large piece of concrete."
347,69,A construction worker guide a concrete support that is being lifted by a crane.
348,69,A construction worker helps align the cement plate on the road.
349,69,Construction worker working.
350,70,Back of a red-haired woman riding on the subway.
351,70,People are sitting on a train or subway.
352,70,The back of a woman's head on a train.
353,70,A red-haired woman sits on a subway.
354,70,A red-haired woman rides a train.
355,71,Small girl wearing a white sweater standing between branches of a tree with green leaves.
356,71,A girl in a white and pink sweater is looking up through tree branches.
357,71,A little girl with black hair pokes her head through tree branches.
358,71,A young asian girl stands between two tree trunks.
359,71,An Asian little girl hugs two tree branches.
360,72,"A man wearing an elaborate, colorful costume, complete with headgear, holds his mouth open, as if singing or shouting."
361,72,A black man wearing golden tribal style clothing with orange feathers singing
362,72,A man in ornate tribal attire sings against a feathery orange background.
363,72,"In this photo, a guy is dressed up talking."
364,72,The man performs a traditional ritual.
365,73,A man in a green hard hat and yellow vest is looking down.
366,73,A man in a green hard hat and yellow safety vest frowns.
367,73,A worker in a yellow safety vest and goggles frowns.
368,73,A construction worker is frowning with a yellow vest
369,73,A man standing in a yellow jacket.
370,74,"A senior citizen wearing a hat, blue button up shirt, Khaki shorts and sandals walking in a park holding two ice cream cones."
371,74,Man in a blue button down shirt walking with two ice cream cones in his hands.
372,74,An old man is holding two ice cream cones as he walks through the park.
373,74,"A man walking along a fence, holding two ice cream cones."
374,74,An older man walks in a park with two ice cream cones.
375,75,A little boy holding a chocolate bunny looks at the object held up in front of him.
376,75,"Young boy looking at a purple letter ""P"" the hand in front of him is holding."
377,75,A child holding a gold rabbit stares at a P-shaped cookie.
378,75,"A little boy is looking at a purple letter ""P""."
379,75,A young boy looks at a hand holding the letter P.
380,76,A child rolls a ball at a bowling pin while a woman helps another child arrange some sort of symbols on the concrete ground next to the first child.
381,76,"A young boy is bowling for one pin with a ball outside, while 3 other people are in the background."
382,76,Three kids and a mother having fun outdoors with the kids as the play different activities
383,76,A young boy is rolling a yellow ball down the pavement towards a bowling pin.
384,76,A small child throws a bowing ball at a single pin.
385,77,A lone person standing on some rocks with large snowy mountains in the background.
386,77,The person is standing by the water in front of the snow topped mountains.
387,77,A man is standing on the rocky ground in front of the mountain.
388,77,The traveller pauses in front of the mountain view.
389,77,A man standing in front of an icy mountain.
390,78,"A man trying to vacuum the floor, while his little girl is playing."
391,78,A man vacuuming near a toddler in a soft green painted room.
392,78,A man is vacuuming his floor and his daughter is helping.
393,78,A man is cleaning while his young daughter watches.
394,78,A man vacuums as a small child watches nearby.
395,79,The back of two skinny models wearing white t-shirts and short shorts with high heels on passing by the camera equipment
396,79,Two women dressed in all white and wearing high heels are walking on the street.
397,79,The girls look sexy walking in their white shorts and high heels.
398,79,Two women wearing white prepare to do some type of videography.
399,79,Two women in short-shorts and high heels are walking.
400,80,A person is walling through a lit tunnel with a green railing running down the middle.
401,80,A woman with long brown hair walking down an eerie tunnel.
402,80,Person walking down lighted tunnel with green handrail.
403,80,A long tunnel with lighting and graffiti on the walls.
404,80,A person walks through a tunnel
405,81,Two foreground individuals in hard hats wear portable tanks as they walk behind someone in similar attire.
406,81,One firefighter is smiling at another firefighter.
407,81,Two firefighters look at a building.
408,81,Firefighters in full gear standing.
409,81,Two fireman having a laugh
410,82,A boy is riding on a donkey carrying various items strapped to it.
411,82,People are traveling via donkey with their belongings on back.
412,82,A pack of donkeys or burros carrying people and parcels.
413,82,Mules loaded with luggage with a man on one of them.
414,82,Several men traveling down a hill riding donkeys.
415,83,An older girl and a younger girl playing barefoot in a puddle
416,83,Two girls are standing in shallow water without shoes.
417,83,Two girls in denim shorts stand in a puddle of water.
418,83,Two girls stand in a puddle on a sidewalk.
419,83,Two girls walking on a wet sidewalk
420,84,"A woman carried a cake ito the room with three candles as another woman holding a flute glass of wine, holds up her hand."
421,84,A young man is presenting another woman with a cake with three candles on top.
422,84,A woman bringing a birthday cake to another woman with a glass of wine.
423,84,Two young women celebrating a birthday with cake and wine.
424,84,Women celebrating a birthday with cake.
425,85,A man carrying an orange bag walks past two British style telephone boxes.
426,85,An older man with a shopping bag walks by two red telephone booths.
427,85,"A man walks by a red telephone booth that says, ""ring ring""."
428,85,A man carrying a bag passes by two telephone booths.
429,85,A man walks by red telephone booths.
430,86,A man in a suit with his arm in a blue sling is walking down the sidewalk in front of a pink building while two women are standing there together.
431,86,"A middle-aged man with a broken left arm wearing a suit, who is walking by a couple of women on a sidewalk."
432,86,A man with a his arm in a sling and a business suit walks past two woman talking.
433,86,A man in a suit walking down the sidewalk with his arm in a sling.
434,86,A man with an arm sling walks past two women on a sidewalk.
435,87,Two men playing guitar on stage with two female background singers.
436,87,A band of two men playing guitars and two women are on stage.
437,87,People are playing instruments and singing on a stage.
438,87,Band members are performing music at a concert.
439,87,Musicians are performing a rock concert.
440,88,A woman in a pink shirt walking with a man walking in the other direction in the background.
441,88,A girl wearing a pink tank top and gray pants standing.
442,88,This woman is taking a break after a long walk or jog.
443,88,A woman in a pink shirt stares down a path.
444,88,A woman in a pink tank top outside.
445,89,A small group of black adults and children are walking on a brown surface.
446,89,A group of people are walking down a road passing by some barb-wire.
447,89,A poor family is leaving their home with only a few belongings.
448,89,A group of people carrying bags walk near a barb wire fence.
449,89,A group of dark-skinned people are walking past barbed wire.
450,90,One dog on the ground and another dog standing above it.
451,90,Two dogs play with one another on the grass.
452,90,"Two dogs in a field, facing each other."
453,90,Two beige dogs play in the grass.
454,90,Two tan dogs play in the grass
455,91,A man in a tool belt is directing a construction site where a large object is lifted.
456,91,The crew is using a crane to place a piece of equipment on the roof of a building.
457,91,A worker instructs a crane where to place a big boxed shaped item.
458,91,A man with a white hard hat is showing hand signs on the roof.
459,91,A construction man is on a roof giving a thumbs down.
460,92,A group of people pose for the camera in front of some laundry and greenery.
461,92,There is a family sitting outside in the shade.
462,92,Several people lean together for a photograph.
463,92,A group of people pose for a picture.
464,92,"A group of men, women and children."
465,93,A man in yellow shirt and black shorts walks down the steps of a crowded athletic stadium.
466,93,"A man in a red cap, yellow shirt, and black shorts looks down on a stadium."
467,93,A man in a yellow shirt and red hat stands up in a crowded stadium.
468,93,Man in yellow shirt and red cap holding beers at a sport event.
469,93,A man in a yellow shirt standing up.
470,94,"A young woman in a black coat, hat, and leather boots, carrying a white handbag, is standing in the snow beside a small river, in front of a boat named Savoie, with her arm outstretched as though throwing a stone into the water."
471,94,A girl with a black winter jacket and brown boots is throwing snow over a fence around a canal or waterway.
472,94,A woman in all black is posing next to the railing at a river during winter.
473,94,A girl in heavy clothing throwing something into an icy river.
474,94,A woman hails to a ferry in the snow.
475,95,"A black man wearing a black shirt with yellow leaves on it, is sitting and drinking a cup of coffee."
476,95,A black man sitting on the ground with a beverage in front of him.
477,95,A black man in a Hawaiian shirt sits in the dirt.
478,95,A black man sits on a bare patch of ground.
479,95,A man is resting on the ground with a cup.
480,96,A masked doctor wearing glasses is performing a surgery.
481,96,Two surgeons in blue scrubs operate on a patient.
482,96,A doctor in blue scrubs performing an surgery.
483,96,A surgeon is performing an open surgery.
484,96,A surgeon performing surgery.
485,97,A crowd behind a fence is watching bicyclists ride up a hilly road with motorcycles behind them.
486,97,Two cyclists competing in a road race being urged on by the crowd lining the racecourse.
487,97,Fans clapping and taking pictures for cyclists during a race.
488,97,A cyclists rides up a hill amid cheering bystanders.
489,97,Bikers are racing fiercely as a crowd cheers on.
490,98,"People marching down a street playing band instruments, a man in foreground is dressed like a baker."
491,98,A group of black and red trumpeters play and walk as members of a parade.
492,98,A man in a red shirt is playing a trumpet in the street.
493,98,A marching band playing for the crowd in a parade.
494,98,A marching band is going down the street.
495,99,"A man dressed in short khaki pants, a white shirt, a red tie, and a blue jacket playing a drum set for an audience of mostly children."
496,99,A man in a blue jacket plays the drums in the middle of a street in front of children.
497,99,A street performer playing a percussion instrument in front of a crowd of people.
498,99,A street performer playing a drum set in front of a crowd of people.
499,99,A man is standing while playing the drums for an audience.
500,100,Two children are playing in a green boat on the grass.
501,100,Two boys are sitting in a green kayak on the grass.
502,100,Two young boys are in a green kayak in the grass.
503,100,Two children sit in a green vessel in a yard.
504,100,Two children in green plastic boat on lawn.
505,101,There is a little boy in a swimming pool area everything around the boy and the pool are wet however the boy is not swimming but instead he is jumping into the water with blue swimming trunks on and his arms out.
506,101,"A young boy with blue shorts, at an indoor pool jumping into the water."
507,101,A young boy in a blue bathing suit is jumping into an indoor pool.
508,101,A young boy jumps feet first into an indoor pool.
509,101,A young boy is diving into a swimming pool.
510,102,Spectators sit by the sidewalk as a man riding a white horse comes by.
511,102,A man rides a horse down the street as a crowd watches.
512,102,Caviler does rope tricks on horseback for parade.
513,102,A man is riding a horse in an event.
514,102,A man rides a horse in a parade.
515,103,There are three people sitting on a bench outside a building and one man standing next to it looking at a newspaper.
516,103,A man in a white shirt is reading a paper while others sit on a bench.
517,103,The man reading a newspaper is standing up by a public sitting area.
518,103,A man reads a newspaper in front of a bench.
519,103,Four young people are waiting at a bench.
520,104,A construction worker is standing next to a yellow metal structure.
521,104,Worker in orange jumpsuit and headlamp standing by equipment.
522,104,A man in an orange jumpsuit posing on a piece of rigging.
523,104,Worker wearing orange jacket and hard hat with light.
524,104,Worker in orange jumpsuit adjusts industrial scale.
525,105,A brown doberman is outside with a stick in its mouth.
526,105,A dog with sharp teeth is chewing on a stick outside.
527,105,A brown dog shows his teeth.
528,105,A dog is biting a twig.
529,105,A dog bites a stick.
530,106,A black and brown dog is wearing a blue color and is standing over water.
531,106,A black dog is standing on an iron girder that bridges the river.
532,106,A dog is standing on a metal beam alertly looking at something.
533,106,A dog on a girder with a riverbank in the background.
534,106,A black and brown dog standing on a beam above water.
535,107,Saw blade being sharpened on revolving sharpening wheel by a dark-skinned man.
536,107,A man in a striped shirt is sharpening a tool on a grinding mill.
537,107,A man's hands holding a piece of metal on a grinding wheel.
538,107,A man in a pinstripe shirt sharpening a blade.
539,107,Person grinding a piece of metal.
540,108,"A man is seated at a counter with all types of delicious looking foods, yet is completely unaffected, casually reading his newspaper."
541,108,A man is reading a newspaper at a Chinese food store.
542,108,A man reading the newspaper at a sushi bar.
543,108,Patrons a eating at a rotating sushi bar.
544,108,A spread of asian food at a bar.
545,109,A hiker is squatting on the ground looking at a tree stump while his companion stands nearby holding a walking stick.
546,109,Two male hikers inspect a log by the side of a forest path.
547,109,Some nature hikers stop to examine a log along the path.
548,109,Two men are in the woods one is looking at a log.
549,109,Two gentlemen outside beside a log.
550,110,"The man has curly brown hair, is eating an apple, and wearing a black shirt."
551,110,A man sits in a public place eating an apple.
552,110,"A man eating an apple, sitting in public."
553,110,A man sitting on a ledge eating an apple.
554,110,A man sits on a bench and eats an apple.
555,111,A boy wearing a striped hoodie is staring at a pigeon on a street.
556,111,Picture of a little boy on a sidewalk looking at a pigeon.
557,111,A boy wearing a black hat staring at the ground.
558,111,A child is looking at a dove on the sidewalk.
559,111,Boy watching pigeon on sidewalk.
560,112,A man sleeping with a young boy sleeping on his lap.
561,112,Sleeping man in chair holding sleeping boy.
562,112,A boy is napping in a sleeping man's lap.
563,112,A man and young boy asleep in a chair.
564,112,A man is sleeping holding his son.
565,113,"There is a hand in front of a red, green, white, and black flag."
566,113,"There is a picture of a green, white, black, and red flag."
567,113,The flag of a country is being held in a crowd
568,113,"A red, white, black and green flag."
569,113,A flag is carried.
570,114,A man and woman walk away from the camera as a redheaded man walks in the other direction.
571,114,"Pedestrians walk on a sidewalk next to a grassy, wooded field."
572,114,Young adults dressed casually walk around in a field.
573,114,People meandering around in a grassy area with trees.
574,114,People are walking around a park area.
575,115,A man wearing headphones and a checkered shirt with tan jacket reaches inside his jacket while crossing a busy street.
576,115,A man wearing a black baseball cap and headphones reaches into his shirt pocket.
577,115,A man is oblivious to the crowds behind him at the Pennsylvania train station.
578,115,A man in a black hat and tan jacket walking across the street.
579,115,A man wearing headphones is standing in the street.
580,116,A multicolored dog runs around obstacles on a course.
581,116,The dog is running around a white and pink pole.
582,116,A brown and white dog is running around a pole.
583,116,Dog running around red and white poles
584,116,Collie dog races around a pole.
585,117,A bus is carrying people while decorated with banners in the colors of the rainbow.
586,117,A group of people on a bus with colorful flags wave at the people below.
587,117,People riding on a tour bus in a parade wave to the bystanders.
588,117,People in a tall bus wave while holding colorful flags.
589,117,People are waving from a bus covered in rainbow flags.
590,118,Four men seated at a table in a restaurant with another man standing at the table talking.
591,118,A group of men setting at a booth listening to the man standing in a black coat.
592,118,A man in a dark coat has stopped to talk to the group at the table.
593,118,Man joining four people in a restaurant.
594,118,A man is talking to men at a table.
595,119,"A woman wearing a white hat and carrying a baby, a grocery bag, and a blue tote bag, sorts her money."
596,119,A woman wearing a white hat is carrying a baby whilst shopping in a market for groceries.
597,119,A man in a white hat uses money to obscure the face of the baby in his baby carrier.
598,119,"A woman juggles her baby, purse, money and food from a market."
599,119,A woman in a white hat holding money and her bags.
600,120,A blond boy in a blue t-shirt stands smiling before a craft of green nylon fabric.
601,120,A young man wearing swimming goggles wearing a blue shirt with a pirate skull on it
602,120,A child poses wearing glasses near water outside.
603,120,A small girl smiling on the beach.
604,120,A young kid at the beach.
605,121,Two men sit on tractors while two other men and a woman look at the cut grass in a field.
606,121,A group of farmers are working together to complete a plant related task.
607,121,Four men are harvesting a crop on a farm.
608,121,Four farmers working their field of hay.
609,121,5 country farmers harvesting wheat.
610,122,"Hockey goalie dressed in black with vaughn printed on pad, appearing to have missed the puck."
611,122,"A goalie is playing hockey, and there is an object in front of the net."
612,122,A hockey goalie tries to save the puck from going into the net.
613,122,A goalie attempts to block a shot in a hockey match.
614,122,A hockey goalie blocking a vaughn item.
615,123,The person towards the right is wearing riot uniform while people seem to be filing out.
616,123,A military or police officer stands by as people pass in a public square.
617,123,A man keeps order on a crowded street of people.
618,123,Officer in riot gear observes demonstration.
619,123,A crowd of people crossing a street.
620,124,"A bear-chested jungle native, with long hair, wearing a cloth bottom garment, is dangling in the air from a chute."
621,124,A tribesman makes his way up a tree with his feet and his hands.
622,124,Curly-haired jungle man is climbing up a vine.
623,124,A man climbs through trees like a monkey.
624,124,A man is climbing a vine in the jungle.
625,125,A woman in a blue jacket is riding a bicycle on a woodland path.
626,125,A person is riding their bike on a trail next to the woods.
627,125,A woman mountain biker with a backpack bikes up a hill.
628,125,A woman rides her bike up a hill near the woods.
629,125,A bicyclist in blue goes up a hill by the woods.
630,126,Two surfers in the ocean with one watching while the other in a green and black suit rides a wave in.
631,126,A surfer in a black wetsuit is watching another surfer surf on a wave in the ocean.
632,126,"Two surfers are out in the ocean, and one wearing green and black catches a wave."
633,126,Two men in the ocean surfing on the boards trying to catch some waves.
634,126,A surfer works his board in the pristine blue ocean.
635,127,"A guy in a blue shirt, shorts and sandals is giving a speech with a microphone to some people sitting in the front row of an auditorium."
636,127,"A man in a blue shirt is talking on a microphone, in front of people sitting down."
637,127,A guy in a blue polo shirt and shorts addresses an audience in an auditorium.
638,127,A man is speaking through the microphone to people in an audience.
639,127,A man is giving a speech.
640,128,A man in a yellow shirt and brown pants is standing in a doorway holding a plastic bag.
641,128,An older man dressed in slacks and a yellow shirt is coming out of a store.
642,128,A man holding a plastic bag is standing in a doorway.
643,128,An old man in a yellow shirt standing in a doorway.
644,128,An older man walking out of a building
645,129,"A person dressed in all black, with an exception of their shoes, white bandanna and white sunglasses stands by a bus stop."
646,129,A man waits at a bus stop with a pink lighthouse and a green boat in the background.
647,129,A guy in baggy pants and a white headband standing under an eave on the sidewalk.
648,129,A male with sunglasses is standing near a bus stop looking intently.
649,129,A gangster standing at a bus stop.
650,130,A person wearing a black wetsuit jumps high above a wave with a surfboard.
651,130,A surfer on a red surfboard jumps over a high wave in the ocean.
652,130,A man wearing a black wetsuit is surfing in the water.
653,130,A person on a surfboard riding a wave
654,130,A man rides a wave on a surfboard.
655,131,A man carries his belongings on a wheeled carrier in front of a back drop of graffiti.
656,131,A man with a cart walks along a wall covered in graffiti.
657,131,A homeless man is walking next to a graffiti-ed wall.
658,131,An elderly man walks by a wall covered in graffiti.
659,131,A man is walking by a graffiti covered wall.
660,132,A young man stands outdoors in front of electronic equipment with his arms folded while another man in the background wears headphones.
661,132,A man crosses his arms in front of his chest while standing in front of a turntable where a DJ is playing.
662,132,An african american man wearing a blue shirt and jeans is standing in front of a DJ station.
663,132,A smiling man with his arms crossed is listening to a giant boom box.
664,132,Man looks at old school boom box.
665,133,Two people are climbing and outdoor artificial climbing wall.
666,133,Two females are climbing a rock wall outdoors.
667,133,Two women climb a rock wall in a city setting.
668,133,Two people are climbing a portable rock wall
669,133,The rock climbing event is held in a city.
670,134,A young woman with a pink bag and white umbrella is standing at a metro station.
671,134,"A woman, carrying a pink bag and white umbrella, walks down a subway."
672,134,A woman with a pink bag and white umbrella waits at a train platform.
673,134,A woman in a subway with a white umbrella and a pink bag.
674,134,A girl in high heels is waiting for the subway train.
675,135,A young boy at a water park pouring a bucket water on a young girl in a swimsuit.
676,135,A boy wearing a red shirt dumps water out of a yellow bucket onto a girl's head.
677,135,A little boy and a little girl play together in the water.
678,135,The boy is pouring a bucket of water over a girl's head.
679,135,Two young children play with water in a fountain.
680,136,A group of people sitting in a grassy area under a pink and white blossoming tree.
681,136,The students sitting on the grass are eating a lunch from a red backpack.
682,136,Young people sit on the grass near a crooked tree with pink blossoms.
683,136,People outside sitting on the grass under cherry blossom trees.
684,136,People are sitting at a park under flowering trees.
685,137,Two men are pushing a coconut water vending cart down a street on a bright sunny day.
686,137,Two men dressed in jeans and t-shirts push a cart advertising coconut water.
687,137,Two men who appear to be food vendors are pushing a red cart full of fruit.
688,137,A man and his friend push a concession stand while in the park.
689,137,Two men push a food cart through the street.
690,138,"Brown-haired girl wearing a green tank top, talking on a cellphone."
691,138,"A woman in a tank top, walks through a market on her cellphone."
692,138,A woman in a green-patterned shirt is talking on a cellphone.
693,138,A girl in a green shirt talking on a cellphone.
694,138,Young woman in market talking on cellphone.
695,139,A man wearing a red bicycle helmet talking on a cellphone with other people in the background.
696,139,A man in a bicycle helmet is talking on a cellphone with other people behind him.
697,139,A man with a bicycle helmet on is using a cellphone in the midst of a crowd.
698,139,A man in a plaid shirt with a red and black bike helmet on his cellphone.
699,139,A man in a helmet holding a cellphone.
700,140,A man in a white cap and shirt is working is looking at a construction project.
701,140,A construction working wearing a white hat is holding on to a piece of siding.
702,140,A man in a white t-shirt and white ball cap stands next to Insulfoam.
703,140,A black man looking at something located near a manufacture building.
704,140,A man is standing in a field with a green plant in it.
705,141,A man is walking through a town with a purple bull mask attached to the back of his head.
706,141,A ma on a crowded street wearing a mask on the back of his head.
707,141,A man with a blue bull mask on his head walks among a crowd.
708,141,The crowd anticipates the Running of the Bulls in Spain.
709,141,A man with a blue bull mask in a crowd of people.
710,142,"Ah, this photo is that of a regatta, possibly trials for America's Cup, showing three yachts sailing."
711,142,Three catamaran boats are in close proximity to each other as they race near a bridge.
712,142,Sailing teams come to the rescue of a boat in need.
713,142,Three sailboats are passing a bridge.
714,142,Three sailboats in a sailing race.
715,143,A Chinese lady talking with another customer about something enjoyable.
716,143,A Korean woman is enjoying a meal in a restaurant.
717,143,Woman in a restaurant with a man in the background
718,143,Looks like students are in a laboratory.
719,143,A woman in a restaurant talking.
720,144,Two people are pushing a yellow dinghy through a stream as a man is running towards them.
721,144,Two people in brown hats pull a yellow tube in a small pond surrounded by greenery.
722,144,Two people trudge through the water with their raft.
723,144,Two people are dragging a yellow raft into a river.
724,144,Two people are in a pond pulling a life raft.
725,145,A tall man wearing a birthday hat listens while people read birthday cards.
726,145,Group of people in a small dimly lit area reading something.
727,145,These people are gathered in a room reading something.
728,145,People reading over a small brochure.
729,145,A man reading a menu at a restaurant.
730,146,Two men stand in hula grass skirts stand in the back of a truck at the top of a silver ramp.
731,146,Two men in Hawaiian shirts and grass skirts are posing outside of a moving truck.
732,146,Two men in hula skirts are standing at the top of a ramp in a truck.
733,146,Two men are wearing hula skirts in the back of a moving truck.
734,146,Two men dressed in hula skirts on the back of a moving truck.
735,147,"The view of a girl with short brown hair wearing a black and white bikini sitting at the edge of a dock, the ocean takes up most of the picture."
736,147,"A woman, wearing a black and white swimsuit, is sitting near the edge of the water."
737,147,Back shot of a short-haired woman sitting on a wooden dock dangling her feet.
738,147,A woman in a bathing suit is sitting on a dock over a body of water.
739,147,A lady wearing black and white sitting near the water.
740,148,A man has his eyes closed while checking for something in the wheel of a car on a repo truck.
741,148,A man in a brown jacket has his hand in the wheel-well of a white car in tow.
742,148,A man preparing a white volkswagen to be towed by a AAA certified tow-truck.
743,148,A man towing a car reaches around a tire to make sure that it is secure.
744,148,A man appears to be loading a car towing mechanism.
745,149,Two guys sitting close together in a cluttered kitchen at the butcher-block island counter with their mouths wide open and leaning forward toward a well done turkey in an aluminum foil roasting pan.
746,149,Two men are eager to enjoy a delicious turkey in a messy kitchen.
747,149,Two guys are sitting at a table with a bake chicken.
748,149,Two men look excitedly at a cooked turkey!
749,149,Two men are smiling at their roast turkey.
750,150,"A man is sitting in a tiny bathtub, smiling at the camera with a candle lit in the background."
751,150,"An older man sitting in a very small bathtub with a candle lit, looking at the camera."
752,150,A man soaking in a tiny bathtub in a bathroom illuminated by a candle in a wine bottle.
753,150,A man relaxes in a tub of water with a candle lit behind him.
754,150,A middle-aged man is bathing in a sink.
755,151,A topless person with a backpack is shown against on a pile of rocks with a cloudy background.
756,151,A man standing on a rocky mountain with gray clouds in the background.
757,151,A man without a shirt is walking on top of lots of rocks.
758,151,A shirtless man is walking on a rocky hill
759,151,A shirtless man with a backpack.
760,152,"Little girl with black hair, peach shirt with a tree and cat on it, white skirt with black polka dots posing in front of a downtown skyline."
761,152,"A young girl stands in front of a body of water with her hands above her head, smiling."
762,152,A young girl with black hair smiles and dances on a boardwalk next to a large waterway.
763,152,A little girl shows her enthusiasm for the day by dancing by the water.
764,152,A little girl poses for the camera in front of a city walk near water.
765,153,"A road worker is holding a stop sign, while his coworker is working on the road."
766,153,A construction worker holds up a stop sign to flag down traffic.
767,153,Some construction workers stop traffic while they do roadwork.
768,153,Two construction workers cutting a piece of concrete road.
769,153,Two orange vested men with blue jeans working on a street
770,154,A woman wearing a blue shirt and black apron is working at the counter of a fast food restaurant.
771,154,A White Castle cashier working at the register with the food preparations in the background.
772,154,A woman cashier standing in front of the cash register with some money in her hand.
773,154,A woman stands behind the cash register of White Castle waiting to accept money.
774,154,A female cashier at a fast food place waiting for a consumer to pay.
775,155,A baby in campflauge crawls on a clean hardwood floor.
776,155,A small boy wearing pajamas crawls across the floor.
777,155,Little boy in Cami crawling on brown floor
778,155,A young child is on all fours inside.
779,155,Boy in camouflage crawls on floor.
780,156,A man on a three-wheeled motorcycle driving down a brick sidewalk in front of an exhibition hall.
781,156,A man sits atop a motorcycle with both of his legs to one side.
782,156,A Asian man takes a ride on his motorcycle on a brick roadway.
783,156,A man riding on a motorcycle sideways in Japan.
784,156,A guy riding sideways on his motorcycle.
785,157,"A young woman with red hear and wearing a bikini top is standing with her hands together above her head, while three other people stand directly behind her with their arms in different positions, making the woman in front look as if she has many arms."
786,157,A dancer on a stage is performing a move that involves her fellow dancers standing behind her and sticking out their arms so that it looks like she has multiple arms.
787,157,"Dancers aligned in front of each other so only arms are visible behind the front woman, performing outdoors."
788,157,Local girl at a belly dancing class Dancer
789,157,A woman leads a cultural dance.
790,158,A man in a green shirt and a white hat fishes while standing on a rock overlooking a body of water with two boats on it.
791,158,A man in a green hoodie holds a fishing pole and stands on a rock that overlooks the sea.
792,158,A man in a green jacket and shorts fishes off the rocks.
793,158,Old man fishing on jetty with boats in background.
794,158,A man in a green jacket fishing from atop a rock.
795,159,A woman in a white hat and red dress holding hands with a man in a black jacket with a flower in his upper pocket.
796,159,A woman wearing a red and white dress holds hands with man in a blue jacket wearing flowers on his lapel.
797,159,A man and a woman are smiling nervously at each other as they are being married.
798,159,A traditional ethnic wedding is taking place.
799,159,A couple who are in a matrimony ceremony
800,160,A little brown-haired girl is brushing the back of a brown-haired woman's head.
801,160,A little girl brushes the hair of an older woman with glasses.
802,160,A small girl brushing an older girls hair with a white brush.
803,160,A little girl brushing a woman's hair.
804,160,Little girl trying to comb her mother.
805,161,A woman with blond-hair and a white shirt and white apron is cooking.
806,161,A blond woman wearing an apron is putting ingredients into a bowl.
807,161,A young chef is adding ingredients to a stew.
808,161,Woman in white cooking up some food.
809,161,A woman wearing an apron is cooking.
810,162,Small brown dog jumping out of the water.
811,162,"Wet brown dog, jumping out of the water."
812,162,A small tan dog jumping out of the water
813,162,The fuzzy dog runs through the water.
814,162,A blurry dog jumps through water.
815,163,Japanese people in traditional and formal dress attending a ceremony.
816,163,Many spectators in suits are gathered for a temple ceremony.
817,163,A crowd of people standing at an Asian gathering.
818,163,A Japanese crowded is gathered for an event.
819,163,An event takes place at a Japanese temple.
820,164,A female gymnast wearing a red leotard on a balance beam with arms raised over her head.
821,164,A gymnast in red is doing a balance beam routine in front of a crowd of onlookers.
822,164,A young woman performs a balance beam routine in front of spectators.
823,164,A crowd watches a young woman in a red leotard on a balance beam.
824,164,"The Woman performing Gymnastics in Olympics, possibly Australia"
825,165,A man stands on a forest footpath winding between several nearly-identical tree trunks.
826,165,A hiker on a trail watching the animal life in a wooded area with a black fanny pack.
827,165,A man with a yellow shirt and black hat is on a path in the wilderness.
828,165,A hiker in a yellow shirt stands on the trail.
829,165,A man standing in a wooded area.
830,166,Three people take a lift up the mountain in the ski resort of Adirondack express.
831,166,There is snow on the ground and a bit on the roof of Adirondack Express.
832,166,The adirondack express ski lift has plenty of snow for skiers to enjoy.
833,166,Three people are on a ski lift called Adirondack Express.
834,166,People on a chair lift at a snow-covered location.
835,167,"A young girl with two differently colored shoes does front flips in a large, open field."
836,167,A child is doing a handstand on a green lawn outside where several people are playing.
837,167,A child in green pants attempts a handstand in a field on a clear blue day.
838,167,A girl does a somersault in the middle of a grassy field.
839,167,A boy doing a flip on the grass.
840,168,A white woman in a blue uniform is wrapping a bandage around an arm of a black woman who is wearing a blue hooded sweatshirt.
841,168,One young woman in a blue uniform helping another young woman in a blue sweatshirt with a white band around her arm.
842,168,A woman in a blue uniform wraps the arm of a young lady.
843,168,A woman is bandaging another woman's injured arm.
844,168,A student practices bandaging up another student.
845,169,"An oriental looking girl in pink pants, sitting on a little stool, eating out of a takeout box."
846,169,A woman eating some food while sitting on a tiny stool next to a propane barbecue.
847,169,A woman is sitting on a tiny stool eating with chopsticks.
848,169,An Asian woman is sitting on a tiny stool eating a meal.
849,169,An Asian girl sits and eats a meal in front of a kiosk.
850,170,A girl in a purple coat on a red sled coasting down a snowy hill.
851,170,A young girl is sliding down a snow slope in a red sled.
852,170,Girl wearing purple jacket rides a red snow sled.
853,170,A child in purple winter gear is on a red sled.
854,170,A child is sledding on a red sled
855,171,Gray-haired man in black suit and yellow tie working in a financial environment.
856,171,A graying man in a suit is perplexed at a business meeting.
857,171,A man in a yellow tie is rubbing the back of his neck.
858,171,A businessman in a yellow tie gives a frustrated look.
859,171,A man with a yellow tie looks concerned.
860,172,Three men jump up for the ball in a sporting event as a crowd watches.
861,172,The rugby players are competing for the ball with onlookers nearby.
862,172,Three different men grabbing at one soccer ball during a game.
863,172,A couple of rugby players jumping in the air to get the ball.
864,172,A group of men jumping for a ball.
865,173,A few people sit out on rocks overlooking the water below.
866,173,Two people are sitting on a rock overlooking the river.
867,173,Two people sit on top of a cliff overlooking a river.
868,173,Two people sit upon large rocks next to a river.
869,173,A couple enjoys a quiet moment near the river.
870,174,A man in strange outfit sits in a lawn chair near a Ben and Jerry's stand.
871,174,A man is sitting in a chair in front of a Ben and Jerry's machine.
872,174,A very unusually dressed man sitting beside an ice cream cooler.
873,174,One person wearing a coat and hat sitting in a chair.
874,174,Man sitting in a chair wearing a hat and scarf.
875,175,A boy with a black shirt and white shorts on a bike is turning to look behind himself.
876,175,A boy stopped on his bike on a bike trail as a woman passes by
877,175,A young boy with a bicycle on a road going through a forest
878,175,A boy on his bike stops and looks back at the cameraman.
879,175,"A little boy posing on his bike, wearing a helmet."
880,176,A person in a white hooded shirt is sitting in a chair near a body of water and there are buildings in the background.
881,176,"One man, wearing a hooded sweatshirt, sitting at a fountain watching the people of the city."
882,176,A person wearing a white hoodie gazes across the water at the Washington Monument during dusk.
883,176,A person in a white sweatshirt is sitting in a chair near a pond and monument.
884,176,A man in a white hoodie relaxes in a chair by a fountain.
885,177,A young lady in her early twenties is sweeping the floor of her kitchen and smiling at the camera.
886,177,"A woman is mopping the kitchen floor in a brightly colored, old-fashioned kitchen."
887,177,A woman is looking into the camera while using a broom on a kitchen floor.
888,177,A busy woman quickly poses for a picture while mopping the kitchen.
889,177,Using a mop on a linoleum floor.
890,178,"On a street in England, people watch a construction vehicle work on the road."
891,178,A woman and child watching the construction machines across the road.
892,178,People are looking at construction being done in a town street.
893,178,The machine is digging a huge hole on the ground.
894,178,Construction work on a street corner.
895,179,A young man has his head inspected by the trunk of an elephant while other children wearing identical clothing watch.
896,179,Young Indian children in an old stone building watching an elephant who his touching one child on the head.
897,179,Indian man with elephant and group of indian children in temple.
898,179,An elephant hold his trunk to a boy's head while others watch.
899,179,An elephant is touching a young boys head.
900,180,The little girl is sitting on a small wicker chair wearing a cute yellow and white dress.
901,180,A small girl wearing a yellow dress rocking in a tiny white chair.
902,180,A toddler in a sundress sits in a miniature wicker rocking chair.
903,180,A little girl sitting in a small chair outdoors.
904,180,A little girls sits in a small chair outside.
905,181,"A group of people, some with white helmets and diving gear, and some in life preservers, carrying a gurney with a person on it."
906,181,A group of people work on the side of a large metal structure that is very blue on a cloudy day.
907,181,A crew is getting someone ready for bungee jumping.
908,181,Some men in black stand on a platform talking.
909,181,Paramedics are rescuing a man on a walkway.
910,182,A female gymnast is performing a pose that requires her right hand to be placed on the floor between her right knee and left foot.
911,182,A female dancer wearing a cobalt blue sleeved shirt and black leggings is practicing on a stage in front of a curtain.
912,182,A young lady is dressed in a blue top with black leotards and is in a dance pose.
913,182,Young lady during a performance of modern dance.
914,182,Lady doing yoga at a gym.
915,183,A man and a woman walk across an intersection on a sunny day.
916,183,A man and a woman are walking in the middle of a street.
917,183,A man and woman walk across an empty street.
918,183,Man and woman crossing the street at dusk.
919,183,A man and a woman are walking in a street.
920,184,A clean up crew working on a accident in the street.
921,184,"Workmen in orange clothes, repairing a street."
922,184,Sanitation workers in orange clean up a street.
923,184,Cleanup workers on cleaning on the road.
924,184,BSR trucks and machinery and workers.
925,185,"A woman with black pants, a pink long-sleeve shirt and a black purse is standing at Mud's food truck looking at the menu."
926,185,A woman in a pink shirt approaches a mobile coffee vendor.
927,185,A girl in pink stands in front of a Mud coffee truck.
928,185,Women in pink in front of an iced coffee drink truck.
929,185,A young woman is ordering from a red food truck.
930,186,A group of people walk down the street next to a bike lane.
931,186,Three people walk down a sidewalk on an empty city street.
932,186,Three women walking down a sidewalk in the early evening.
933,186,Three women walking down a sidewalk near a bistro.
934,186,Three people walking down a street together.
935,187,"A man in a yellow helmet climbs a cliff face, snow behind him."
936,187,A man leans back while climbing a mountain tethered to a rope.
937,187,Man with helmet rock climbing in a snowy area.
938,187,A man is climbing up a wall with a rope
939,187,He is rock climbing.
940,188,A woman in a black shirt and purple pants is bending over reaching into a dishwasher.
941,188,A woman is cleaning up by putting dishes in the dishwasher after making supper.
942,188,A woman bends over a full dishwasher in front of a counter of dirty dishes.
943,188,A woman is bending over her dishwasher in her kitchen.
944,188,A woman with a really dirty kitchen doing her dishes.
945,189,Group of people wearing white shirts and black pants dancing on a stage.
946,189,Three couples are dancing on stage with arms on each other's shoulders.
947,189,A group of people dance on stage in what appears to be river dancing.
948,189,Dancers in white tops and black pants perform on stage.
949,189,A group of people dancing on stage.
950,190,A man standing in front of a microphone with a brick wall at his back has his hand across his eyes.
951,190,A man in a brown coat covers his eyes while working with a flame.
952,190,A performer rubbing his eyes in front of a microphone.
953,190,A man holding a microphone and hand covering eyes
954,190,Man in dark shirt shielding his eyes.
955,191,"An older middle-aged man wearing a brown hat is strumming a guitar and singing into a microphone; his female companion is singing into a microphone and playing an instrument also, but the woman's instrument cannot be readily seen."
956,191,Two elderly people sing in microphones while playing instruments.
957,191,A couple of old people playing instruments and singing.
958,191,An older couple singing and playing the guitar.
959,191,Two musicians are playing music in a barn.
960,192,"A crowd of men, women, and children in middle eastern attire sit at tables in a conference hall."
961,192,Several women sitting at a table at a restaurant wearing Islamic headdresses.
962,192,A wedding reception decorated in white and gold contains a diverse crowd.
963,192,A crowd of people sit at round tables in a banquet hall.
964,192,Many people are seated in a well decorated hall.
965,193,There is a young child in play clothes playing with the sand using a plastic scoop and the calm water in the lake or ocean in the background.
966,193,A young girl scoops sand on a beach using a green toy shovel.
967,193,A little girl playing on the beach building a sand castle.
968,193,A cute child is playing in the sand at the beach
969,193,A Little Girl plays in the Sand on the Beach.
970,194,A young brown-haired girl is playing with a large green balloon in a cave.
971,194,A young girl in a pink shirt stretching to touch a green balloon.
972,194,A girl in a pink shirt looking at a green balloon.
973,194,A girl in a pink shirt playing with a green ball.
974,194,"Young, female child, playing with a balloon."
975,195,A woman is surprised to have her picture taken on this fall day outside Spaulding's women's store.
976,195,A young woman in jeans and a gray sweater walks on the sidewalk in a shopping district.
977,195,A woman posing for a picture while shopping.
978,195,Woman in front of clothing store.
979,195,The lady has a black sling bag.
980,196,"A person in a white shirt, black shorts, white knee socks and sneakers has just kicked a soccer ball toward the goal while the goalkeeper, in red, is anticipating the ball."
981,196,A man is kicking the soccer ball towards the goalie on a warm day.
982,196,A goalie braces himself for the ball that's coming his way.
983,196,A soccer player in white kicks the ball towards the goal.
984,196,Two guys playing soccer in the park.
985,197,Children playing with balloons and sitting atop a man dressed in a banana costume.
986,197,Four kids sit on the back of a guy in a banana suit while he does push ups.
987,197,A man in a banana custom is carrying four children on his back.
988,197,Children sit on top of somebody in a banana suit.
989,197,Kids are sitting on a man in a banana suit.
990,198,A girl in a green dress and pink jacket is running down a dusty path in a grassy park.
991,198,A little girl holding flowers is walking away down a path on a sunny day.
992,198,A girl wearing a pink sweater and green dress in walking down a path.
993,198,A little girl walking down the sidewalk.
994,198,A little girl is walking along a path.
995,199,"A group of people with hats and backpacks walk down a narrow road, surrounded by grass."
996,199,Four people walking outside wearing shorts and tennis shoes.
997,199,Four people are walking down a narrow street.
998,199,A group of 4 people are walking along a path.
999,199,Several people walking down a dirt road
1000,200,A female barista in a floral-print shirt carries a tray with espresso cups as a photographer captures the scene from the background.
1001,200,A blond girl in a light floral shirt carrying a black tray with 4 small cups.
1002,200,A blond woman in a floral shirt carries four white cups on a black tray.
1003,200,A blond woman is carrying a tray with four small white cups.
1004,200,A blond woman serves beverages at a venue
1005,201,"A woman is seen from above applying red nail polish to her toes, as they rest on a leather seat."
1006,201,A woman with brown hair is putting red polish on her toenail.
1007,201,A girl in pajama paints is painting her toenails red.
1008,201,A woman painting her toenails red on the couch
1009,201,Female painting her big toe.
1010,202,A woman on ice skates is being pulled by her dog she is holding with a leash.
1011,202,A girl on ice skates is walking her dog on a leash across the ice.
1012,202,A woman with a red hat is pulled by her dog on ice skates.
1013,202,Woman with a red hat ice skates and walks her dog.
1014,202,A woman is walking her dog along a snowy ground.
1015,203,A man sings into a microphone as another man plays electric bass behind him.
1016,203,A man in a black shirt is singing into a microphone.
1017,203,A man wearing a black shirt sings in a band.
1018,203,A man is singing into a microphone.
1019,203,A man singing into a microphone.
1020,204,A guy in swimming trunks flying on a rope swing above a lake.
1021,204,There is a man swinging off a rope swing into a lake.
1022,204,A man is rope-swinging off a tree into a lake.
1023,204,A man is swinging on a rope swing into a lake.
1024,204,A person uses a rope swing over the water.
1025,205,A policeman stands at the corner of an office building while keeping watch on a red fire hydrant.
1026,205,A police officer is standing outside against a wall with his head tilted to the side.
1027,205,A police officer is standing patrol at the corner near a red fire hydrant.
1028,205,A Police Officer is looking at the crack in the ground on a city corner.
1029,205,A police officer standing next to a building looking toward the ground.
1030,206,"A man is being held by two men wearing security uniforms, while standing outside in front of a sign advertising for Samsung."
1031,206,A man in a plaid shirt is hiding his face as his arms are being held behind him by a man in a black shirt.
1032,206,Two male security officers are restraining another man by the shoulders and arms.
1033,206,A guy is restrained by security in front of a Samsung bus stop advertisement.
1034,206,A man with short hair is apprehended and restrained on a street.
1035,207,A middle-aged security guard wearing a yellow vest is standing next to a car
1036,207,A policeman stand outside on the street with his hands in his pockets.
1037,207,A police officer wearing a neon colored vest standing in the street.
1038,207,Policeman with hands in his pockets with a yellow reflective vest
1039,207,A police officer is standing in a street.
1040,208,The people in winter clothing are getting ready to start skiing.
1041,208,Three men are standing outside on a snowy mountain.
1042,208,A group of friends are getting ready to go skiing.
1043,208,Three people in ski gear standing on a mountain.
1044,208,Three skiers are standing on a snowy hilltop.
1045,209,A woman dressed in patriotic colors rides a horse also dressed in patriotic colors in an indoor fenced dirt clearing while holding a large American flag.
1046,209,"A woman dressed in cowboy clothing, and her horse decorated in an American flag costume, ride around a large dirt indoor rink."
1047,209,A patriot dresses himself and his horse with the colors of the American flag for a flashy display.
1048,209,"Woman wearing USA colors, holding a USA Flag, riding a horse draped in the USA Flag in an arena."
1049,209,"Women riding a horse carrying the American flag, both rider and horse dressed patriotically."
1050,210,A small child in a red coat watches the fireplace display through the storefront window of a purse store.
1051,210,A small child in a red coat points to a handbag in a shop window.
1052,210,A child wearing a red coat is pointing into a Loewe store window.
1053,210,A little girl is looking at the window display of a store.
1054,210,A child is window shopping for a brown purse.
1055,211,"A young woman with brown hair is captured in profile with a delicate wreath of pink, white, and orange flowers crowning her head."
1056,211,A girl wearing a Hawaiian lei is looking at the city's wonderful sights.
1057,211,A brunette woman with a lei on her head sticking her tongue out.
1058,211,A woman wears a colorful lei on her head.
1059,211,A brunette with a lei around her head.
1060,212,Three young men are seated at a table playing a game of Monopoly while drinking sodas and one man is shoving the other away from him.
1061,212,Three young men playing a game of Monopoly in which two of them are physically arguing.
1062,212,"Three young men are playing monopoly together, and one is being pushed by the other."
1063,212,Three young men are playing around while playing Monopoly at a table.
1064,212,Three guys in jeans playing Monopoly at a table.
1065,213,A small white and brown dog is jumping over a horizontal pole.
1066,213,A brown and white dog is jumping over a yellow and red pole.
1067,213,A brown and white dog jumping over a red and yellow pole
1068,213,A brown and white dog is jumping a red and yellow pole.
1069,213,A brown and white dog is jumping over an obstacle
1070,214,A young girl wearing baggy clothing looks at a manikin from outside the store.
1071,214,The child is looking at a mannequin in a store window.
1072,214,A little girl is looking at a mannequin in a window.
1073,214,A blond child walks past a store window display.
1074,214,A little kid looking into a store.
1075,215,Three men wearing black jackets are talking to two ladies in tanks tops.
1076,215,Three men in dark jackets talk to women outside of a business.
1077,215,A group of people talking outside at night.
1078,215,A group of people are standing in a circle.
1079,215,A group of people outside hanging around.
1080,216,"Two women, one in a pink sweater and another with a green sweater are seated in a busy establishment."
1081,216,"Various people are depicted in a restaurant, both seated and standing."
1082,216,Two women sit next to each other at a table in a crowded restaurant.
1083,216,Two women sitting at a table in a restaurant.
1084,216,Two young women speak at a restaurant.
1085,217,A group of soldiers in uniform holding rifles marching down the street in front of McDonald's.
1086,217,Soldiers in gray and blue march down a wet sidewalk in front of a McDonald's restaurant.
1087,217,"A few men, dressed in military attire, is marching past a McDonald shop."
1088,217,A military presence is seen marching outside a McDonald's.
1089,217,A military group is marching in front of a McDonald's
1090,218,"Four rugby players from the white team and four rugby players from the blue team get involved in a tackle outside with two on the ground with the ball, two mid tackle and four finding their positioning."
1091,218,"Two teams, one in blue and once in white, are tackling each other to get control of the ball in this sports game."
1092,218,"6 guys, 3 from the white team and 3 from the blue and playing football."
1093,218,Two rugby teams are on the field chasing after a ball.
1094,218,A field of rugby players about to tackle.
1095,219,A basketball player for North Carolina moves with the ball in hand.
1096,219,A North Carolina basketball player dribbles the ball.
1097,219,A man in a blue jersey plays basketball.
1098,219,The basketball player holds the ball.
1099,219,A basketball player dribbles.
1100,220,Two people dressed in jackets are sitting outside of a restaurant with Union Market written on the awning.
1101,220,Three people dining while sitting outside at a table under a brown awning that reads Union Market.
1102,220,A market with a wooden lattice fence and a brown canopy sits amongst trees with golden leaves.
1103,220,People sit at the outdoor tables under a brown awning in a rural setting.
1104,220,People sit under a canopy on a fall day.
1105,221,A man and woman are kissing next to a train track.
1106,221,A couple kissing on the train station platform.
1107,221,A couple kissing next to the railroad tracks.
1108,221,A couple kisses beside train tracks.
1109,221,Guy and girl kiss at train station.
1110,222,Brown and black horse jumping while person in blue outfit and white cowboy hat lays on the ground
1111,222,A man wearing a white hat is being stomped by a brown horse.
1112,222,A cowboy in the dirt on the ground next to a horse.
1113,222,A cowboy falling off a bucking bronco at a rodeo.
1114,222,A rodeo rider is thrown from his bucking bronco.
1115,223,"Three people, two of them recognizable as men, walk a narrow path while outlined against a glorious amber sky."
1116,223,The sky glows a vivid yellow in the sun.
1117,223,Some men are walking during a sunset.
1118,223,Two men walking uphill into the sun.
1119,223,People silhouetted on rooftop.
1120,224,A man in jeans with white paint stains on them is standing on a short ladder working on the front of a store.
1121,224,A painter is standing on smaller silver ladder and there is another silver ladder close by.
1122,224,Man in black with one foot on top of a ladder and arms performing a task on a storefront.
1123,224,The store was open even though a man was working on the building.
1124,224,A man climbs a ladder in front of a store.
1125,225,"A woman is guiding something attached to a string into the air, and there is a green circle around the objects location."
1126,225,The green hula hoop soars through the air as the young lady watches for its landing.
1127,225,A young girl is throwing a hula hoop in a backyard on a sunny day.
1128,225,A girl tossing a hula hoop into the air in her yard.
1129,225,A young girl tosses a hula hoop in the air.
1130,226,"Three girls, outside on a lawn, pay attention to a small brown and white dog; the smallest girl, wearing a pink and white hat, has her hand on the back of the dogs neck."
1131,226,These three girls are wearing summer dresses and playing with the dog in the grass.
1132,226,Three young girls petting a small dog next to a building with statues.
1133,226,Children play with a small dog in the grass.
1134,226,Children playing with a dog outside.
1135,227,The large brown dog is running through shallow water.
1136,227,There is a chocolate brown dog running in water.
1137,227,A brown dog splashing through water.
1138,227,A dog is running through a pond
1139,227,A dog pounces into the water.
1140,228,Two men (one wearing a camouflage jacket and one wearing a black jacket) walking down the street talking and laughing.
1141,228,"A male African-American wearing jeans and a camouflage jacket, walks and laughs with another man."
1142,228,Two guys in coats laugh while walking down a street.
1143,228,Two joyful people are walking down the city street.
1144,228,Two men walking and smiling.
1145,229,"A brown dog bolts towards the camera, with his tongue out and mouth open."
1146,229,A brown dog runs over a dirt and grass background.
1147,229,The brown dog is running along a grassy pathway.
1148,229,A dog with its tongue out of its mouth.
1149,229,A dog running towards the camera
1150,230,A lady with blue jeans and a brown shirt is speaking on her cellphone on the second floor of the mall.
1151,230,A woman in blue jeans and a tan jacket talks on a cellphone on the upper floor of a metro station.
1152,230,A woman is speaking on her phone at a busy transportation station.
1153,230,A woman talking on a cellphone inside a large building complex.
1154,230,A smiling woman talks on a cellphone.
1155,231,A blond man is waiting at a pretzel and hotdog stand on the sidewalk as a yellow taxi passes by in New York City.
1156,231,A man examines the offerings from a hotdog stand on the street in front of a yellow cab.
1157,231,A man stands in front of snack cart awaiting his pretzel on a busy New York street.
1158,231,A pedestrian waiting for his purchase from a NYC street vendor.
1159,231,A man in a red sweater waits at a street food stand.
1160,232,A man wearing a black suit is surrounded by many people inside a building with busts of people on the wall.
1161,232,A very well dressed man standing in the middle of a room with lots of casually dressed people.
1162,232,"A young man in a suit standing out from the crowd, at what appears to be an art exhibition."
1163,232,A man in a black suit with a white bowtie standing in the middle of a crowded room.
1164,232,A person wearing a tuxedo is standing a floor with black and white squares.
1165,233,A red truck is parked next to a burning blue building while a man in a green vest runs toward it.
1166,233,A large blue building has black smoke billowing out and a fire engine sits in front.
1167,233,A blue building on fire with black smoke pouring out with a firetruck on the scene.
1168,233,A blue building has smoke pouring out while a firetruck sits in front of it.
1169,233,A man runs as a firetruck arrives to a fire.
1170,234,"The man is skiing down the steep, snowy white mountain with clouds in the background."
1171,234,A person skiing down a very large snow covered mountain.
1172,234,A skier is going down a huge snow covered slope.
1173,234,The skier is going down a large mountain.
1174,234,A skier skiing down a large mountain
1175,235,Three young males sit down on the floor with a view of the mountain and a communication tower in the background.
1176,235,Three young adults sit on the roof of a building overlooking some hills and a tower.
1177,235,Three children sitting against a railing that overlooks a town.
1178,235,Three young kids sitting by a beautiful view.
1179,235,Three people gathered on large balcony.
1180,236,A middle eastern man sells chicken from a street market booth.
1181,236,A middle eastern looking man weighing meat outdoors.
1182,236,A merchant in a brown jacket selling poultry.
1183,236,A man outside weighing poultry.
1184,236,Man with poultry on a table.
1185,237,A man in a black jersey has just head-butted a soccer ball towards a waiting group of players.
1186,237,A referee watches a player headbutting a soccer ball while four other players rush over.
1187,237,"A group of men playing soccer, most of them looking at one man in black."
1188,237,The two soccer teams watch as the ball flies towards the referee.
1189,237,Soccer players aggressively playing defense to prevent a score.
1190,238,A dog is running past a farm animal nearby a fence diving tall and short grass.
1191,238,The brown and white dog ran through the green grass.
1192,238,A dog running along beside a cow in a grassy field.
1193,238,A brown and white dog walks behind a brown cow.
1194,238,Dog and cow in field.
1195,239,"Twins dressed identically in purple and gold sweaters with gray pants and black shoes, holding on to each other."
1196,239,Two young boys wearing gray pants and purple sweaters are hugging each other.
1197,239,One boy in a purple sweater is hugging another boy in a purple sweater.
1198,239,Two boys in blue sweaters are embracing for a picture.
1199,239,This is two black children dressed the same hugging.
1200,240,A man looks down at a collection of glass-blown lamps and other small glass products.
1201,240,A man wearing a knit cap is standing behind a stand with light fixtures on it.
1202,240,A man stands behind some merchandise in an area with lots of candles.
1203,240,A collection of votive candles is on display.
1204,240,A man looks down at glass ornaments.
1205,241,A man is jumping with his body forward toward a photograph screen and a large photography light.
1206,241,There is a person in jeans and sneakers jumping off the ground towards a large white light.
1207,241,"A person falls through the air in a room, with a step ladder in it."
1208,241,A man jumps towards a light with a white tarp behind him.
1209,241,Person jumps toward light in photo studio.
1210,242,A red flower-box filled with green flowers lies on the stone windowsill behind iron grating along a side street.
1211,242,A group of buildings surrounding a street with people walking down it.
1212,242,Three people are pictured walking down and alleyway.
1213,242,An empty alleyway with blocked off windows.
1214,242,Some plants are growing near the window.
1215,243,"A lady posing in front of a camera is wearing jeans with her thumbs in each front pocket, while lady wearing a green shirt is watching from behind holding a drink and snack."
1216,243,A woman in a striped shirt smiles at the camera while another woman enjoys refreshments behind her.
1217,243,Two ladies one with her fingers in her pocket and the other with a drink in her hand at a party.
1218,243,A woman in a striped shirt posing for the camera while another woman holding a drink looks on.
1219,243,A woman poses for the camera in front of other people eating and drinking.
1220,244,Two dogs run and play together on a narrow dirt path in the middle of a field.
1221,244,Two dogs are running down a dirt path in a grassy field.
1222,244,A black dog and a brown dog run along a dirt path.
1223,244,Two dogs run through the grass outside.
1224,244,A black dog runs with a white dog
1225,245,A man and little boy posing for a photo with a beautiful waterfall in the background.
1226,245,A man and a boy posing together behind a fence and a gorgeous waterfall view.
1227,245,A man and a boy pose for a picture in a stairway overlooking a waterfall.
1228,245,An asian father and child stand in front of a large waterfall.
1229,245,Man and Boy pose for a photo near a waterfall.
1230,246,"A fairly large group of people are at a waterfront of some kind like a river with lots of rocks around them, bathing and gathering up some water."
1231,246,"Kids, toddlers and women taking a bath and washing clothes, probably near a riverbed and one girl is carrying a container of water."
1232,246,There are woman and children some standing some sitting on big rocks in the river.
1233,246,Women and children washing clothes by the river with green trees by the banks.
1234,246,Indigenous people sitting on rocks by a river.
1235,247,"Two young men sitting at the end of a long table eating; there are 3 plates full of food, two glasses with a yellow colored drink and a small orange case on the table."
1236,247,"Two males, one who is wearing a black shirt and has dark hair and another who is wearing a pink and blue shirt are eating a meal."
1237,247,Two young men are sitting at a table to eat food.
1238,247,Two men are eating food in a cafeteria.
1239,247,2 guys are eating at a party.
1240,248,A brown dog wearing a collar is chasing and biting on a red broom.
1241,248,A tan dog bites on a broom as it moves over the brick floor.
1242,248,A dog biting the cleaning end of a broom.
1243,248,A tan dog chewing on a broom.
1244,248,A dog is biting a mop.
1245,249,Two smiling little girls playing in a fountain with other people.
1246,249,Two young girls are running through shallow water at a pool.
1247,249,Two young girls run through a pool while water sprays them.
1248,249,Two girls running through pool while water sprays over them
1249,249,Two girls run through a sprinkler in a pool.
1250,250,"Five white and white and brown, muzzled dogs run across a green, grassy lawn."
1251,250,Five white dogs with muzzles are running towards the camera.
1252,250,Five small white dogs are wearing muzzles and running.
1253,250,Little muzzled white dogs are running in the grass.
1254,250,Several dogs in muzzles are racing on the grass.
1255,251,The ice skater in a red white and blue outfit is skating with red goggles on.
1256,251,"A man in red, white and blue is ice skating in a rink."
1257,251,One person in blue leggings enjoying ice skating.
1258,251,A female ice skater glides on ice at an ice rink.
1259,251,Olympic speed skater on the ice.
1260,252,A young girl is cleaning a pair of boots on a rug inside a doorway.
1261,252,A little girl in a purple dress is cleaning some black boots.
1262,252,A blond little girl is playing with shoes.
1263,252,A child plays with her father's boots.
1264,252,A small girl shines her boots.
1265,253,A large group of men and woman all wearing red t-shirts participate in a race.
1266,253,There are hundreds of people with red shirts running a marathon.
1267,253,A crowd of people wearing red shirts runs along a city road.
1268,253,The people in orange t-shirts are jogging on the street.
1269,253,A group of people in red are running down the road.
1270,254,A woman cyclist in a shirt wearing a bike helmet waits with a child passenger at a stop with another woman cyclist wearing a blue shirt and black pants.
1271,254,Two people riding bicycles are stopped along with cars at an intersection after crossing the bridge in front of Marriott.
1272,254,Two bicyclists stop beside motor traffic at an intersection.
1273,254,Two people are riding their bikes in city traffic.
1274,254,Two women await a traffic light at the crosswalk.
1275,255,A man with a gray hair and wearing glasses is getting ready to shave a gray-haired man.
1276,255,A barber is putting a towel around an old man's neck before he shaves his beard.
1277,255,An older man gets ready to get his haircut at a barber.
1278,255,A man is about to give another a haircut in a barber.
1279,255,A barber prepares a customer for service.
1280,256,"A man wearing a Tibetan, red robe kneels before a group."
1281,256,The boy is sitting outside wearing red clothing.
1282,256,A young Asian boy dressed like a monk.
1283,256,A young man in a red robe is smiling.
1284,256,A young Buddhist monk is smiling.
1285,257,Two boys preparing to jump off a pier located on a large body of water.
1286,257,Two boys are climbing a wooden platform and jumping into a river.
1287,257,A boy jumping off of a dock while his friend watches
1288,257,Two children jump off the dock into the lake.
1289,257,Two boys jumping off the pier into the water.
1290,258,"A chef in a kitchen cuts a piece off of a large slab of rotating meat on a stick, probably lamb."
1291,258,A man in a white uniform with blue trim prepares food for serving.
1292,258,A man in a restaurant tends to the lamb meat.
1293,258,A man in a white uniform is preparing meat.
1294,258,A man in a chef's hat is preparing food.
1295,259,"Three people wearing orange jackets talk near train tracks, while other people work in the background."
1296,259,Workers in orange and silver vests and jackets stand near railroad tracks.
1297,259,Construction workers in neon orange vest and hard hats discussing.
1298,259,Train construction workers talking to each other during project.
1299,259,Construction workers are standing by a railway.
1300,260,"One person, smiling broadly, holds another person wearing a blue shirt; both are soaking wet, and it is nighttime."
1301,260,A smiling guy wearing glasses holds up another guy wearing a blue shirt and black pants outside.
1302,260,"A soaking wet man carrying his also wet friend in his arms, is laughing."
1303,260,One wet man wearing glasses and laughing is carrying another wet man.
1304,260,One male is holding up another male who is wet.
1305,261,A man in a yellow hard hat leans against a ledge and a man stands on scaffolding in the distance at a construction site.
1306,261,Two men in the construction industry are surveying their work space.
1307,261,A man with a yellow hat on is leaning on a wall of some sort.
1308,261,Construction worker looking over the job site.
1309,261,Two construction workers at a job site.
1310,262,A dark-skinned guy with a orange sweater over shoulder in front of a bunch of fruit in the street.
1311,262,People are trying to sell various items in a small village.
1312,262,A man trying to cross the street with a cart of fruit.
1313,262,A man tries to sell fruit in a busy street.
1314,262,A man sells goods in the street
1315,263,A man with glasses and no shirt looks in the mirror as he shaves.
1316,263,A naked man with glasses is shaving his face in his bathroom.
1317,263,A young shirtless man with glasses shaving in a mirror.
1318,263,A guy shaving his facial hair in the restroom.
1319,263,A man wearing glasses is shaving in a mirror.
1320,264,The skateboarder is leaping in the air in front of the telegraph pole.
1321,264,Skateboarder in jeans and t-shirt performing jump.
1322,264,A skateboarder in the air in front of wires.
1323,264,A skateboarder does a trick in midair.
1324,264,A skateboarder jumps into the air.
1325,265,"Five young boys, two in green jerseys, three in blue, are playing soccer in a field, with a chain link fence in the background."
1326,265,Several young people are playing with a ball outside.
1327,265,Five young children are engaged in a game of soccer.
1328,265,Five little boys playing soccer.
1329,265,Five young boys play soccer.
1330,266,Stacks of neatly folded clothing cover most of this floor while a woman with a beige shirt and jeans busily fills a suitcase.
1331,266,The blond woman is searching for medical supplies in a suitcase.
1332,266,A woman in jeans and a sweater is packing a rubber tote.
1333,266,A young woman packs belongings into a black suitcase.
1334,266,A lady is on the floor packing a suitcase.
1335,267,"Two professional soccer players compete in a stadium on AstroTurf during a soccer match, and one player is controlling the ball while the other is running after him trying to defend it."
1336,267,"Two athletes, one wearing purple and blue stripes and the other wearing blue and white stripes, are playing soccer on a field."
1337,267,"Two soccer players playing one running towards the other, the other one getting ready to kick the soccer ball."
1338,267,Two fellow soccer players are running towards the ball on a soccer field.
1339,267,Two professional soccer players are playing with a ball on the field.
1340,268,A man in a black outfit has stopped to look at a black computer on a counter of other computers.
1341,268,A young man in black casual clothes walks indoors past a row of computer monitors on.
1342,268,A man with black hair and glasses wearing black looking at a tv monitor.
1343,268,"The back of a man wearing all black, who is looking at a monitor."
1344,268,A man reads a placard on top of a monitor.
1345,269,A group of people in front of some tan colored tents from the american Parkinsons disease association.
1346,269,A crowd of people are standing in front of a tent for the American Parkinsons Disease Association.
1347,269,Passersby stop at a booth hosted by the American Parkinson Disease Association at a fair.
1348,269,"A lot of people gather together to get some free advice, and information."
1349,269,People surrounding an American Parkinson booth.
1350,270,"A young boy in plaid shorts is standing, watching performers on a stage at a sideshow."
1351,270,A sideshow barker on a small stage on the sidewalk trying to call in customers.
1352,270,A boy watches a street performance with his hands on his hips.
1353,270,A group of freaks standing on stage performing.
1354,270,A sidewalk sideshow performs for a little boy.
1355,271,An old man wearing a hooded sweatshirt is crouched over a fish that has been cut open.
1356,271,An elderly man in coat and boots prepares a freshly caught fish.
1357,271,An elderly woman cleans fish outdoors.
1358,271,A man preparing something to eat.
1359,271,The old woman cleaned the fish.
1360,272,"Four asian people are in a wooden paddle boat, with small building structures in the background."
1361,272,Four people wearing white are on a small boat with others boats and run-down houses behind them.
1362,272,An adult female and three children are in a canoe with one of the kids rowing the boat.
1363,272,A woman and three boys poling a boat
1364,272,Cannot see picture to describe.
1365,273,"The man in a black suit and helmet, with green spots here and there, rides a skateboard around a racetrack."
1366,273,A man with a helmet and street uniformed riding on a skateboard.
1367,273,A man on a skateboard in some sort of bodysuit and helmet.
1368,273,Skateboard racer competing in a race.
1369,273,Guy does rollerblading and loves it
1370,274,"Six Hispanic males are moving a giant fishing net with fish inside the net, with a jetty of rocks and a beach with the waves washing in the background."
1371,274,Team of migrant workers pull together to gather the days fishing haul.
1372,274,A group of fishermen pull a net up the beach.
1373,274,Group of people by the ocean holding a net
1374,274,A seven fisherman cautioning the fish.
1375,275,An elder man in a white shirt and cap waves a flag as a group of people stand behind him.
1376,275,A man holding a flag stands next to a woman wearing black and white.
1377,275,"An older man with a red, blue, and orange flag in a crowd"
1378,275,A man and a woman standing with a group of spectators.
1379,275,A man holding flag and a woman behind a railing.
1380,276,An animal with black fur splashing about in relatively deep water.
1381,276,The three black dogs are swimming very close to each other.
1382,276,Three black dogs retrieving an item from a body of water.
1383,276,A black animal or two are in the water.
1384,276,A black dog plays around in water.
1385,277,An older man is riding his bike in front of a large cruise ship that is sitting in port.
1386,277,An old man riding his bike along the harbor with a cruise liner in the background.
1387,277,An old man wearing a blue shirt is riding his bike past a large cruise ship.
1388,277,A man is riding a bicycle past a cruise ship floating in the water.
1389,277,Man riding his bike pass a ship.
1390,278,People running a foot race make a right turn around the corner while onlookers line the sides of the street.
1391,278,Participants in a running marathon are running down a street lined with bystanders.
1392,278,A group of marathon runners running around the corner of the street
1393,278,People running in a race on a street.
1394,278,People running on a street.
1395,279,Two young women wearing bikini tops and short jean shorts are having a conversation while one is carrying a pink bag and the other a drink.
1396,279,Two females are wearing bikini tops and very short shorts while walking down the street.
1397,279,Two women wearing bikini tops and jean shorts walking down a street.
1398,279,Two women in bikini tops are talking to each other while walking.
1399,279,Women in bikinis are walking down a street
1400,280,There is the bottom of a skateboard off the ground with someone in blue jeans holding it.
1401,280,"This skateboarder, wearing jeans and tennis shoes, grabs the board while in the air."
1402,280,A skateboarder is doing a trick in midair.
1403,280,A person does a trick on a skateboard.
1404,280,He is doing tricks on the skateboard.
1405,281,A man wearing a red hat and holding a fake pistol talking to a girl in a large hallway.
1406,281,A man dressed as Judge Dredd converses with a woman during a convention.
1407,281,Man in costume talks to a girl in a blue hoodie in a conference center.
1408,281,A man in a superhero costume talks to a girl with a ponytail.
1409,281,A man in a costume talking to a woman in a blue jacket
1410,282,A brown-haired boy with a white shirt looking out the window of a bus or subway.
1411,282,A boy in a t-shirt is watching the scenery outside from a train.
1412,282,"A young man sits, looking out of a train window."
1413,282,A man looking out a window of a train.
1414,282,A man is looking outside of a window.
1415,283,A woman with a green top and black skirt sweeps trash up with a red-handled broom.
1416,283,A woman with sneakers and a skirt is sweeping out a storage building.
1417,283,A woman wearing a skirt and t-shirt sweeps out a storage area.
1418,283,Girl wearing tennis shoes sweeping floor with a broom.
1419,283,A woman is sweeping up garbage.
1420,284,A group of people are standing on a platform and waiting for the subway train.
1421,284,Commuters on a subway platform as the train pulls in
1422,284,Several people wait for a train.
1423,284,Many people wait for the train.
1424,284,Crowd waiting fro the train.
1425,285,A large man in a leather costume plays a big drum beside a little boy playing a little drum.
1426,285,The small child bangs his drum whil looking at an older man doing the same.
1427,285,The man with the big drum is marching next to a boy with a small drum.
1428,285,"A man plays a drum and a little boy hits his own, little drum."
1429,285,A man and a little boy beating drums.
1430,286,"The two people are standing on a rock, holding themselves up against another rock, while looking down"
1431,286,Two people wearing backpacks and a woman in red shorts are standing on some large rock formations.
1432,286,Two female hikers hang onto a rock in front of them while looking down into a deep crevice.
1433,286,Three people make their way through rocky terrain.
1434,286,Three people participate in rock climbing.
1435,287,A man in a blue shirt and jeans poses by large mossy rocks.
1436,287,A man sits underneath a large and colorful rock formation.
1437,287,A man is laying under a large mossy rock in the forest.
1438,287,A man lying in the middle of a hug rock
1439,287,A man is sitting on rock ledges.
1440,288,A small boy wearing a yellow shirt is standing next to a red wall.
1441,288,A little boy is standing in front of a bright red building.
1442,288,A young boy playing outside of his red house.
1443,288,Two children in front of a red building.
1444,288,A small boy looking at a red wall
1445,289,A food vendor in Korea is siting behind a tricycle cart on the street selling some kind of food.
1446,289,A man in a white shirt and baseball hat is pushing a cart carrying several bags on a street.
1447,289,A man and his wheeled cart selling items on a street corner.
1448,289,An Asian bicycling food salesman waits at crosswalk.
1449,289,This is a vendor selling something
1450,290,A man is playing on a drum set with a white band around his wrist with two drumsticks in his hand.
1451,290,A man plays the drums with a serious expression.
1452,290,A man playing the drums in a dark room.
1453,290,A drummer plays in a black room.
1454,290,A man sitting at a drum set.
1455,291,One man wearing a striped shirt and sunglasses jumps in the air next to another man in a black graphic tee leaping in the air with his arms outstretched in front of a building.
1456,291,Two teenage boys are caught mid-jump in front of a city building with glass doors.
1457,291,Two young men are leaping exuberantly on an outdoor plaza.
1458,291,Two friends are out goofing around and having some fun.
1459,291,Two teens jumping and making weird poses.
1460,292,Three men are playing the drums and guitar on stage.
1461,292,A boy band playing outdoors for a benefit concert.
1462,292,A band of three men are playing for a benefit.
1463,292,Three men are playing music on a stage.
1464,292,A band is performing on a stage.
1465,293,"People dressed as angels are walking on a street near Pike's Market in Seattle, Washington (the sign in the background)."
1466,293,People dressed like angles run through the street.
1467,293,People dressed as angels running down a street.
1468,293,People dressed as angels cross the street.
1469,293,People dressed as angels at a parade.
1470,294,The skater throws his arms into the air as he skids down the concrete wall.
1471,294,A kid in a white shirt and white hat and jeans skateboards down a ramp.
1472,294,A rollerblader skates down a ramp with his arms in the air.
1473,294,A boy is grinding a skateboard down a concrete wall.
1474,294,A guy on a skateboard about to do a trick
1475,295,A group of young kids are gathered at night in front of a big sign posing for a picture.
1476,295,A group of people gathered in front of the Sierra de la Ventana sign.
1477,295,Group of young adults posing for picture near spanish-language sign.
1478,295,A large group of people pose in front of a sign at night.
1479,295,A group of young students are posing in front of a sign.
1480,296,In this photo there is a man surfing on a bright blue ocean with a cityscape behind him.
1481,296,The surfer steadies himself as he is vaulted from the crest of the wave
1482,296,A man in a wetsuit surfs waves with the view of a city behind him.
1483,296,A young man is catching some air while ride a wave board.
1484,296,Water surfing on a beautiful day!
1485,297,"Two people stand in front of a magazine rack, looking at the magazines."
1486,297,Two shoppers browse the selections at an electronics store.
1487,297,Two Asian woman stare at a magazine rack.
1488,297,Two Asian women browsing inside a store.
1489,297,Two women are looking at magazines.
1490,298,"A man with black glasses on is holding a sign that says, ""freeword."""
1491,298,"A man with glasses holds a sign that says ""FREEWORD""."
1492,298,A man in a suit jacket with a  free word  sign.
1493,298,"A man holding a sign saying ""free word""."
1494,298,A man in a gray coat hold a sign.
1495,299,A big brother walking his little sister through a walkway on the family property.
1496,299,"Two small children, one boy one girl, walking down a path surrounded by trees."
1497,299,Two young children are walking hand in hand on an outdoor path.
1498,299,Two children holding hands and walking along a forest path.
1499,299,Two young children are walking down a tree lined path.
1500,300,"A man, leaning against a concrete wall with his arms resting on top, looks over a balcony."
1501,300,A man with a white mustache stands on a balcony looking at the road below.
1502,300,A man with gray hair and a plaid shirt looks out over a balcony.
1503,300,An elder man overlooks a balcony facing a street.
1504,300,Man leaning on ledge of a balcony.
1505,301,A woman in a toboggan sledding with a child that is in a toboggan also.
1506,301,A child is holding onto her mother on a sled in the snow.
1507,301,A young child clings to his or her mom while they sled.
1508,301,A woman and child are sledding in the snow.
1509,301,Lady sledding with a child.
1510,302,A man wearing tight green pants and no shirt is doing a handstand on a tiny platform on top of a pole.
1511,302,A Cirque de Solei performer shows off his impressive strength and balance.
1512,302,An acrobat doing a handstand on top of a pole with legs spread in a v.
1513,302,Man jumping on a machine trying to set a new worlds record.
1514,302,Man performs an amazing handstand on a skinny pole.
1515,303,A young woman is stirring something in a pot while a young boy wearing a flowered apron stands by her.
1516,303,A boy in a flowered apron standing at a stove while a woman stirs a pot in the background.
1517,303,A young boy in a flowered apron is helping his mother cook.
1518,303,A young boy standing next to a woman is helping her cook.
1519,303,A little boy in an apron helps his mother cook.
1520,304,"A mature woman carries two watermelons, one in each hand, as she walks pass a white van."
1521,304,An Asian woman in a red patched shirt carrying two watermelons down a sidewalk.
1522,304,A woman carrying two watermelons and a handbag on a city street.
1523,304,An older woman is carrying two watermelons on the sidewalk.
1524,304,An old asian women holding two watermelons by a van.
1525,305,A man who is riding a wild horse in the rodeo is very near to falling off.
1526,305,A cowboy on a bucking bronco in the process of being thrown off the back.
1527,305,A man is about to fall off his horse in a rodeo contest.
1528,305,A bucking bronco causes a rodeo rider to lose his grip.
1529,305,A man doing rodeo riding.
1530,306,"A corgi jumps off a bale of hay, m water and buildings behind it."
1531,306,A small brown and white dog is jumping over bushels of hay.
1532,306,A brown dog is jumping over a grassy mound near to a lake.
1533,306,A brown and white dog leaps.
1534,306,A dog jumps over hay.
1535,307,A man wearing a white striped shirt is dancing in the center of the dance floor with a woman in a showy black and white dress and high black leather boots.
1536,307,"A man in white pants and white, pin striped shirt, and a woman with a short black and white dress are dancing on a tile dance floor."
1537,307,A woman in a short black and white dress dances with a man wearing white pants and striped shirt.
1538,307,A man in a striped shirt dancing with a woman in a black and white dress in front of onlookers.
1539,307,A couple dances at a disco.
1540,308,A young man wearing minimal clothing walks along the sidewalk amidst children and other people.
1541,308,A man wearing only underwear and tennis shoes walking down the street.
1542,308,Tanned man in a animal print Speedo walking down the street.
1543,308,A man is walking on the sidewalk in a Speedo.
1544,308,Gentlemen exercising on a city street.
1545,309,A man in a green vest and clothing sweeps up trash on the sidewalk underneath the shade of a tree.
1546,309,A man in neon green cleans up outside a building with some graffiti.
1547,309,A person in a yellow safety vest is raking some leaves.
1548,309,A female worker is cleaning leaves off the street.
1549,309,A worker in green rakes leaves on a sidewalk.
1550,310,A man in a woman sit on a motorcycle on a busy street at night.
1551,310,A man and a woman are riding on a motorized scooter.
1552,310,Two people riding a scooter at night in traffic.
1553,310,An Asian couple riding on a motor scooter.
1554,310,A man and a woman on a scooter.
1555,311,An older woman walks between a covered marketplace and a row of large columns.
1556,311,"An old lady, carrying a bag, walking through a market area."
1557,311,An older woman is walking down an alley carrying a black bag.
1558,311,A woman with a cane carrying a bag walks along the sidewalk.
1559,311,An elderly woman walks with a cane and a shopping bag.
1560,312,"A person in a white coat and pink pants snowboards at the ""snow park""."
1561,312,A person wearing pink pants and a white jacket is snowboarding.
1562,312,A person wearing pink pants and a white parka at a snow park.
1563,312,A snowboarder is jumping over a snowbank in a snow park
1564,312,A woman in white jacket snowboarding at a park.
1565,313,"A young blond &amp; tan woman in an orange shirt reads from a highlighted text as she clutches a mug, at a table with a package of Oreo cookies; in the background, a TV has been turned on."
1566,313,A blond woman reads with a drink in hand and Oreos nearby.
1567,313,A woman studying while drinking coffee and eating Oreos.
1568,313,A blond woman is studying and eating Oreo cookies.
1569,313,A blond woman reads next to a bag of Oreos.
1570,314,"Two young, blond headed boys sitting in a chair while reading comic books."
1571,314,"Two young boys lie on a couch in a messy room, reading comic books."
1572,314,Two young boys looking at comic books on a couch.
1573,314,Two boys are sitting reading comic books.
1574,314,Two children read comic books.
1575,315,A man in a checkered shirt and belted slacks stands and holds on to a blue partition.
1576,315,A frowning older man leans in the doorway of a restaurant with one hand on his hip.
1577,315,A man in a checked shirt and slacks leans on a post in front of a business.
1578,315,Older man in a plaid shirt leaning in a restaurant.
1579,315,Man standing outside a shop.
1580,316,A guy is walking his dog along with beach with children playing in the water in the background.
1581,316,A man in a blue plaid shirt walks behind people with his dog at the beach
1582,316,"A man and his dog walk on the beach, with children in the background."
1583,316,The Man is outside on the beach walking his dog.
1584,316,An older man is walking his dog on the beach.
1585,317,"A man performs a trick on his mini-race car, with one leg flying out in the sky."
1586,317,A man leans sideways on a soap box racer in the middle of a jump.
1587,317,A man on a small 4 wheeled vehicle is flying through the air.
1588,317,The boy is in the air with a machine with wheels.
1589,317,A man is jumping in the air on his skateboard.
1590,318,"A cowboy is thrown from the horse he was riding, while the judge stands by with his hand on a yellow flag."
1591,318,The horse is kicking up its hind legs at the cowboy whist another man stands and watches.
1592,318,Two men in western attire with a brown horse kicking into the air.
1593,318,A cowboy gets kicked off a horse that is bucking
1594,318,A man at a rodeo is thrown off a horse.
1595,319,"A man is in the kitchen cutting up chicken and vegetables on the counter, preparing a meal."
1596,319,A man wearing a blue shirt is standing at a kitchen counter slicing food.
1597,319,A man is cutting raw meat next to a plate of vegetables.
1598,319,Man cutting up his food to put on a plate.
1599,319,A man preparing food in a kitchen.
1600,320,Two men wearing hats and shawls ride brown horses and chase a calf in a red-white-and-blue walled arena.
1601,320,Two men on horses chase down a cow on a sunny day.
1602,320,Two men are on horseback trying to rope a cattle.
1603,320,Two men at a rodeo attempting to rope a calf.
1604,320,Two rodeo riders going after a young steer.
1605,321,A black dog carries a white toy in his mouth and walks on the snowy field.
1606,321,A black dog is running through the snow with something in its mouth.
1607,321,A black lab in the snow is holding something in its mouth.
1608,321,The black dog carries an object in the snow.
1609,321,A black dog retrieves in the snow.
1610,322,A black-haired woman in a parka is looking at burning incense sticks.
1611,322,A woman stands and watches incense burn with the smoke billowing.
1612,322,A woman stands over a copper bowl holding many burning incense.
1613,322,A woman looks at a plate filled with steam.
1614,322,The woman is looking at a smoky exhibit.
1615,323,"People are gathered under a big red ""De Koninck"" umbrella while men in orange talk to the side."
1616,323,Groups of people are having conversations with each other on a crowded street.
1617,323,A group of people outside in orange t-shirts under a De Koninck tent.
1618,323,Several men dressed in orange gather for an outdoor social event.
1619,323,A bunch of people in orange shirts at an event.
1620,324,"A group of five people are sitting on a sidewalk or courtyard while another man, on a higher level of ground, stands above them."
1621,324,"People sitting on a lower level of a walkway, while a different person is walking above them among the trees."
1622,324,3 women and 2 men waiting by a wall in the park talking
1623,324,A group posses for a photo along a wall.
1624,324,A group of people sitting on a bench.
1625,325,A woman in a skirt and cowboy hat and a woman in pink pants with an exposed midriff are walking down the street looking at the shops.
1626,325,Two women walking toward the camera along a sidewalk while wearing a backpack and showing midriff.
1627,325,A woman wearing a hat and a woman wearing sandals looking to the left of them on a busy street.
1628,325,Two women walking by a store and looking in.
1629,325,People walking a long a sidewalk.
1630,326,A parasurfer gets pulled up above and to the side of a big splash he just made.
1631,326,A man performing tricks on a wakeboard in the middle of a large lake.
1632,326,A wakeboarder catches air on a clear day at the lake.
1633,326,A man is parakiting on a body of water.
1634,326,A man is kiteboarding in open waters.
1635,327,"A crowded marketplace is filled with people, including women with their heads covered with veils."
1636,327,Many people are walking through a crowded outdoor marketplace.
1637,327,A group of people walk through a crowded outdoor market.
1638,327,An area in an arab country that is very crowded.
1639,327,A busy market street in the middle east.
1640,328,"Three men, wearing hard hats and uniforms, are working in a field."
1641,328,"The firefighters outdoors in the bush, and shrubs."
1642,328,Three firefighters on a hill checking their tanks.
1643,328,Three firefighters in the brush along a hillside.
1644,328,Three miners in a field searching for gold.
1645,329,A small kid wearing a helmet smiles while his father is doing some adjustment at its back.
1646,329,A man with a black shirt on put a little boy inside of a toy that he can slide in.
1647,329,"A man assists a young boy, who is seated in a form-fitted green plastic toy."
1648,329,"A man strapping a child, both wearing bike helmets, into a green seat."
1649,329,A man in a bike helmet helping a child in a bike helmet.
1650,330,The female artist was painting a landscape picture in the outdoors using a variety of colors.
1651,330,A female artist is painting a painting of a city.
1652,330,Woman paints on easel in front of stone wall.
1653,330,Woman painting a picture outside.
1654,330,An artist is painting outside.
1655,331,A little boy sitting among others in crowd with a curious look upon his face.
1656,331,A young boy with dark hair and a plaid shirt looks up into the distance.
1657,331,A little boy surrounded by other children looking up at something.
1658,331,Children sitting on the floor while one boy gazes off into space.
1659,331,Young boy looks up inquisitively.
1660,332,A man in a white and yellow shirt and black shorts is attempting to hit a tennis ball flying his way with a tennis racket.
1661,332,A tennis player wearing a white shirt and black pants prepares to hit the ball.
1662,332,A male tennis player jumps in the air as he prepares to return the ball.
1663,332,A man swinging at a tennis ball with a green sign that read findersport.
1664,332,A male tennis player hits a tennis ball at a tennis match.
1665,333,"A woman with black hair wearing a purple jacket, white shirt and blue jeans is carrying several wooden boxes down a city street."
1666,333,"A young women carrying some wooden cases, walking down the street and passing a street performer."
1667,333,A woman carrying a large stack of wooden crates.
1668,333,Woman carrying many crates down a brick road.
1669,333,A woman is carrying a large stack of boxes.
1670,334,A man in formal dress and aviator sunglasses turns to talk to the woman he is sits with.
1671,334,A man wearing sunglasses and a suit is looking at a girl with short hair.
1672,334,Men in dark sunglasses sit suspiciously in white lawn chairs.
1673,334,A man in sunglasses sits with his girlfriend at a wedding.
1674,334,People gathered on a lawn with a man talking to a woman.
1675,335,Two men in jeans and button down shirts are dancing while a woman in black pants and a gray shirt takes their picture.
1676,335,Two men making dance moves as a woman films the event in the living room of a house or apartment.
1677,335,Two men are practicing a dance routine while their friend captures it on camera.
1678,335,Two men are practicing dance moves while a lady takes a photo.
1679,335,Two man dancing while posing for a picture.
1680,336,A young blond-haired girl wearing a YMCA sweater looks into a telescope while another girl with glasses watches her.
1681,336,A blond girl looks through a telescope while another girl wearing glasses looks at her.
1682,336,A girl in a gray YMCA sweater looking through a telescope.
1683,336,A girl looking through a large telescope on a school trip.
1684,336,A female with blond-hair is looking through a telescope.
1685,337,Hike is jumping up high in a beautiful remote place depicting an area that looks like the great canyons with snow cover mountains in the distance.
1686,337,A man or woman jumping for joy after accomplishing their hike to the top of the canyon.
1687,337,"A man in red, jumping in the air with a desert and mountains in the background."
1688,337,A cyclist jumps in the air near the Grand Canyon.
1689,337,A man flies through the air over a large canyon.
1690,338,A family in an African village sits outside of their home on the ground.
1691,338,A group of indigenous people relaxing outside of their hut.
1692,338,Numerous people sitting on the ground near a straw hut.
1693,338,Multiple people are sitting in outside of a hut.
1694,338,Several African women sit in front of a hut.
1695,339,"The terminal is nearly empty, only a few people are there getting to their destination."
1696,339,People milling around in a subway station before the train comes through.
1697,339,People wait for trains in an empty train station.
1698,339,People stand on a train platform underground.
1699,339,An almost empty subway terminal.
1700,340,A man with no shirt and black pants is playing the drums.
1701,340,A shirtless man is playing a red set of drums.
1702,340,A man with no shirt on playing the drums.
1703,340,A shirtless male plays a red drum set.
1704,340,A man without a shirt plays drums.
1705,341,"A woman in a mermaid costume stands on a city street, in front of a red telephone booth."
1706,341,A woman wearing a Little Mermaid costume stands in front of a bright red phone booth.
1707,341,A woman dressed as the little mermaid stands next to a phone booth.
1708,341,A woman dressed as the mermaid Ariel next to a phone booth.
1709,341,A woman is walking with a costume on.
1710,342,Two children in shorts riding their bikes on a trail next to a lake.
1711,342,These two bike riders are enjoying a trail along a river's edge.
1712,342,Two people stopping to admire a lake during a bike ride.
1713,342,A young girl appears to take a break from bike riding.
1714,342,A girl and boy on bicycles stop on a green road.
1715,343,"Three men in white safety suits stand in a huddle amid industrial machinery, while a fourth suited-man walks away from them."
1716,343,"Four men, dressed in white overall suits that prevent infection, are in a room with mechanical equipments and a ladder."
1717,343,Engineers in full bodysuits and gloves are working around metal machines.
1718,343,The men are wearing white suits to protect themselves.
1719,343,Workers in suits performing tasks in a laboratory.
1720,344,"A woman wearing a blue shirt opens a present, which is a green hat."
1721,344,A blond-haired woman wearing a blue shirt unwraps a hat.
1722,344,A woman in a blue shirt unwraps a gift of a green hat.
1723,344,"A woman opening a present, of a crocheted blue hat."
1724,344,A woman wearing a blue shirt opens a gift.
1725,345,"Three adults standing in front of a sign that says ""vote"" and an American flag."
1726,345,Three people are standing in front of a sign that has an american flag on it.
1727,345,Two people talking to someone running for a position.
1728,345,Two men and a woman conversing outside.
1729,345,A group of three people are talking.
1730,346,A woman and a man are playing the guitar while another man is singing.
1731,346,"A man is on stage singing, while the band plays behind him."
1732,346,Here a Rock band poses in front of concert.
1733,346,Several musicians perform on stage.
1734,346,A band is jamming out to the music.
1735,347,A red-haired little girl is blowing bubbles in the water of a pool.
1736,347,A young girl with red-hair blows bubbles in clear water.
1737,347,A girl blowing bubbles in the swimming pool.
1738,347,A little girl blowing bubbles in the water.
1739,347,A child blowing bubbles in water.
1740,348,"Four adults near the edge of a body of water; the landscape is hilly and rocky, with mountains in the background."
1741,348,Three people relax on a lake's edge that sits below snowcapped mountain peaks.
1742,348,"Three people in a valley pool, with large snowy mountains in the background."
1743,348,A guy with his legs up in the air at a lake with a very scenic landscape.
1744,348,Three men stand near the river in this mountain scene.
1745,349,A man with a red shirt is watching another man who is standing on top of a attached cart filled to the top.
1746,349,A man wearing a red sweater is sitting on a car bumper watching another person work.
1747,349,A man is on a small pull along trailer working with landscaping material.
1748,349,Some men clean up and haul off yard debris on a sunny day.
1749,349,Two people loading brush on a trailer attached to a truck.
1750,350,A surfer is riding the waves whilst another surfer sits on his board waiting.
1751,350,A surfer wearing a black and green wetsuit riding a wave.
1752,350,A surfer in a green striped wetsuit rides a wave.
1753,350,A surfboarder catches the waves.
1754,350,The surfer is riding the wave.
1755,351,Two women standing outdoors on a winter day in the countryside.
1756,351,"Two people are walking along in a very snowy, woodsy area."
1757,351,Two people walking after a snow in their neighborhood.
1758,351,A winter landscape with two people in the foreground.
1759,351,Two women are bundled up and walking in the snow.
1760,352,A shiny black dog runs on the grass during a bright and sunny day.
1761,352,"The big, black, running dog is wearing a strap around its chest."
1762,352,The large black dog is running through a grassy area.
1763,352,The black dog is running through the clearing.
1764,352,A black lab is running in a race.
1765,353,A guy with his hands in his pockets of his jacket while walking beside a white business van.
1766,353,A man walks down the street in front of a white van.
1767,353,A man walking in front of a cleaning van.
1768,353,A man in a yellow coat walks past a van.
1769,353,A man is walking by a van.
1770,354,There is a line of veterans sitting in this photo one of which is being given a folded American flag by a female officer at what looks to be some sort of ceremony.
1771,354,An older gentleman in a white uniform and a young woman in a blue uniform are holding a folded flag.
1772,354,A woman presenting a medal to what appears to be a soldier.
1773,354,"In this photo, men are getting honored for their bravery."
1774,354,A Navy servicewoman honors the flag with veterans.
1775,355,"A young boy, wearing red and blue clothes, picking up food with a spatula."
1776,355,A little boy wearing a cars pajama is frying and flipping eggplants.
1777,355,A small boy wearing pajamas is flipping eggplant on the gas grill.
1778,355,"Toddler is using a spatula to pick up food off a grill, outside."
1779,355,A young boy using a spatula to handle meat on a grill.
1780,356,Muscular black shirtless male who is dressed in black shorts with double white stripes is jogging in a race parallel to a white fence by the water.
1781,356,An African American man is running near the water without a shirt.
1782,356,Man running with no shirt wearing number 129 on his shorts.
1783,356,A shirtless muscular man running on a sunny day.
1784,356,A shirtless man running in a race.
1785,357,A shot haired woman in a white shirt giving a long-haired woman in a red shirt a manicure.
1786,357,Two women are holding hands over a table and smiling at the camera.
1787,357,Two women sitting at a table with their hands together.
1788,357,Two women are smiling while sitting at the table.
1789,357,Two women are sitting at a table.
1790,358,A surfer is riding a wave through green colored ocean water.
1791,358,A surfer rides a big wave across dark green water.
1792,358,The surfer is coming in from riding a big wave.
1793,358,A man in a wetsuit is surfing
1794,358,A man surfing in a wave
1795,359,A man in a button down shirt is plugging cables into an electronic device.
1796,359,The man in the gray shirt is trying to fix a toaster.
1797,359,A man in a gray collared shirt working on a machine.
1798,359,A man in a button up shirt working with wire.
1799,359,Young man attempts to repair wiring job.
1800,360,A young girl in a yellow shirt with a falconer's glove and hawk perched on it is being assisted by a man with a ball cap and microphone in one hand.
1801,360,A young girl in a yellow jersey is holding a falcon on her arm while a man in a hat interviews her using a microphone.
1802,360,"A girl has a falcon resting on her hand, and a man with a microphone is talking to her while looking at the bird."
1803,360,A falcon is perched on a girl's left arm as a man assists her and talks into a microphone.
1804,360,A young girl in a yellow shirt is holding a bird for a speaker.
1805,361,A woman wearing a green sweater and black leggings covered by a short black skirt walks on sidewalk while snowfalls around her.
1806,361,A young woman in short leggings and a thin green sweater is walking outside in a snowstorm.
1807,361,A girl is walking outside in the snow wearing capri length pants and a green top.
1808,361,A girl in a green sweater is walking in a snow flurry.
1809,361,The lady is walking to class in the snow.
1810,362,A group of tourists are gathered together in front of the restroom in a busy city square.
1811,362,A crowd of people looking at something.
1812,362,A crowd is gathering in a town square.
1813,362,Crowd at an outdoor event
1814,362,A crowded city street.
1815,363,Four white and brown puppies are sleeping together on a blue blanket.
1816,363,Four young puppies snuggling together in the middle of a blanket.
1817,363,Four puppies sleeping on a blue blanket.
1818,363,A pile of dogs sleep on a blue dog bed.
1819,363,Four spotted puppies take a nap.
1820,364,An older women in a white shirt is using a microphone to speak to a crowd of students.
1821,364,A woman in a dimly lit room speaks to a crowd of mostly children and a few adults.
1822,364,A woman in a white shirt is speaking to an audience made up mostly of children.
1823,364,A woman in a white blouse stands in front of a crowd of seated children.
1824,364,A woman is standing in front of a group sitting on the floor.
1825,365,A woman wearing a blue and white floral patterned tank dress makes a funny face as she attempts to eat some type of foil-wrapped food.
1826,365,An elderly female is eating something tasty.
1827,365,A woman nibbles at a food item in her hands.
1828,365,An ugly woman is trying to eat something.
1829,365,Fat woman is eating food.
1830,366,"One woman gives another woman a pedicure in a small apartment, as yet another woman watches."
1831,366,A woman in a pink top and black long shorts is getting her nails done by a lady in red.
1832,366,A woman is having her foot examined by another woman in a run-down building.
1833,366,Woman wearing pink top is getting a pedicure.
1834,366,3 people in a small hut or house.
1835,367,"A man with brown dreadlocks who is wearing a dark blue, flowing tunic, plays electric guitar in front of a bald man in a yellow shirt who is playing drums."
1836,367,"An African American base player wearing a blue shirt, being backed up by a drummer."
1837,367,"A man with dreads and a guitar, is clapping while performing on stage."
1838,367,A musician with dreadlocks is preparing to play a guitar with a band.
1839,367,A man with long hair plays a guitar.
1840,368,Two boys and a man holding a white hat climb on a rock with a lawn and shade trees visible in the background.
1841,368,A man and two boys are climbing on a rock in the park.
1842,368,A group of people walking on a rocky ridge.
1843,368,Two children and a man on a boulder.
1844,368,Three people climb on a large rock.
1845,369,"A girl takes off her socks, as she sneaks back into the house through her bedroom window."
1846,369,A woman in black pants steps out of what appears to be an unusually small doorway.
1847,369,A woman in a blue shirt and black pants is fixing her white sock.
1848,369,A girl stands on the ledge of her window while wearing no socks.
1849,369,A girl stands on a ledge next to an open window in a house.
1850,370,The man wearing the cap is handing a freshly caught fish to the boy in the purple hat.
1851,370,A man wearing a white hat holds a fish up for a small child wearing a life vest.
1852,370,Older man showing fish to young child.
1853,370,A man shows a fish to a child.
1854,370,A man gives a fish to a boy.
1855,371,A black and brown dog with blue collar goes on alert by a soccer ball in the grass.
1856,371,A brown and black down with a blue collar near a soccer ball on a grassy field.
1857,371,A black dog stands a few feet away from a white soccer ball on grass.
1858,371,The dog awaits some to kick the soccer ball so he can retrieve it.
1859,371,A black dog standing in the grass near a volleyball.
1860,372,"An African American family, with a pink flotation device is in clear ocean water."
1861,372,A child in a pink flotation device is in the water and surrounded by adults.
1862,372,Four people in bright blue water with a child in a pink inter tube.
1863,372,"A group of people are swimming in clear, blue water."
1864,372,4 people swimming in a beautiful lake.
1865,373,"An older man is sitting outside on a bench in front a large banner that says, ""Memoria Justicia Sin Olvido."""
1866,373,"A man wearing a black jacket and pants sits slumped on a bench, with a banner in Spanish in the background."
1867,373,"Man in black takes a nap on a bench in front of a sign reading ""Justicia sin Olvido."""
1868,373,An older man wearing a black jacket and sunglasses takes a nap on a park bench.
1869,373,A man dressed in black sitting on a park bench by a large banner.
1870,374,Two women wearing small wallets around their necks laugh together.
1871,374,Two ladies seated at a table share a laugh.
1872,374,Two young women laughing at a convention.
1873,374,Two girls are sitting together smiling.
1874,374,Two dark-haired ladies sit and talk.
1875,375,Two young boys in flower pattern trunks are standing next to a wet brown dog.
1876,375,"Two young boys in swim trunks wash a big, brown dog."
1877,375,Two young boys give their big black dog a bath.
1878,375,Two children are giving their dog a bath.
1879,375,Two kids playing with a dog.
1880,376,"Four men and two women, most with ear protectors, are sitting in the hold of a boat."
1881,376,People are having a conversation in the inner room of a ship.
1882,376,Three men and two women are sitting in an airplane.
1883,376,All people are flying in the military plane
1884,376,People sitting down in an Airplane.
1885,377,Two people wearing shorts and athletic shoes are in a gym while one has his feet on the ground the second one is holding a ball with both his feet in the air.
1886,377,"There are two young men, one wearing yellow and black and one wearing green and black, competing at a sport in an arena."
1887,377,A man in a green jersey is jumping in the air getting ready to throw a ball.
1888,377,A man wearing green and black is jumping through the air holding a ball.
1889,377,A screaming man playing hand-ball makes a throw by jumping into the air.
1890,378,Two men wearing jeans and sunglasses are playing horseshoes.
1891,378,Two guys are playing horse shoe together.
1892,378,Two people play horseshoes.
1893,378,Two men playing horseshoes.
1894,378,Two guys playing horseshoe.
1895,379,A crowd of people is facing the same direction while some hold their hands in the air.
1896,379,A girl in a red dress is surrounded by a lot of other people holding their hands up.
1897,379,The girl in the red dress is raising her hand amidst a group of people.
1898,379,"Several people in a crowd, some with their arms raised."
1899,379,Many people have arms lifted in a crowd.
1900,380,A woman in a white shirt inspects a black garment while sitting in a chair at a festival.
1901,380,A woman is sitting in a chair doing something with her hands.
1902,380,A woman in a white shirt sitting down at a crafts fair.
1903,380,Two women sit behind their booth at a street market.
1904,380,Two ladies selling their wares in an open market.
1905,381,A young girl in a red top is running through a grassy area with large buildings in the background.
1906,381,A young girl is flying a kite in a field beside a lot of buildings.
1907,381,Young girl in red top and striped pants running with a kite.
1908,381,The child is running through the grassy field.
1909,381,A little girl in a red shirt pulls a kite.
1910,382,"A guy wearing a tan shirt, jeans, and black socks jumping in the middle of a living room between leather couches on a wood floor."
1911,382,A man in jeans and a brown shirt jumps high in the air in a living room that has a fireplace and wooden floor.
1912,382,Man jumping up in the air and splitting his legs with his mouth open.
1913,382,A man in a brown shirt jumps enthusiastically in a living room.
1914,382,A man wearing a gray t-shirt and jeans jumps in a living room.
1915,383,Welders construct additional pieces of a nice building that has orange umbrellas.
1916,383,A wielder works on wielding a beam into place while other workers set beams.
1917,383,A construction worker welding a beam in front of a marble backdrop.
1918,383,Four construction workers are working on metal beams.
1919,383,Construction workers are working on beams.
1920,384,"A fluffy, tri-colored dog is running down the road with a paper in its mouth."
1921,384,An Australian shepherd dog carrying a newspaper in his mouth.
1922,384,A dog with a newspaper in his mouth runs down a paved path.
1923,384,"A dog runs down the street, carrying a newspaper."
1924,384,A dog running with a newspaper in its mouth.
1925,385,A young girl wearing a blueish green shirt standing at the kitchen counter.
1926,385,A young girl with a bright blue shirt is eating food off of a countertop.
1927,385,A little girl in a blue shirt is playing with something on a countertop.
1928,385,A small child is stirring food with a red spoon on a kitchen counter.
1929,385,A girl eats her food on the counter.
1930,386,"A group of people standing on a city street in front of a red car, in which one woman with red-hair and black shirt with a red suitcase speaking to a portly man wearing a creme shirt and brown shorts."
1931,386,Group of people standing on sidewalk in an Asian marketplace.
1932,386,Some people stand outside of a Canton Kitchen in New York.
1933,386,A group of four people congregate on a sidewalk.
1934,386,People standing in front a Chinese restaurants.
1935,387,A lone person jumping through the air from one snowy mountain to another.
1936,387,A man dressed in snow-gear takes a leap into a snow-covered ravine.
1937,387,A climber is making his way up a snowy mountainside.
1938,387,People jump over a mountain crevasse on a rope.
1939,387,A man doing tricks in the snow.
1940,388,Two mountain climbers walk through a pass with snowy mountains behind them.
1941,388,Two hikers are climbing through a rocky and snowy passage in the mountains.
1942,388,Two mountain-climbing hikers ascend a rocky path through patches of snow.
1943,388,"Two people are climbing up a huge, snowy mountain."
1944,388,Two people are walking up a mountain.
1945,389,A skateboarder is riding a skateboard along a metal railing in front of a concrete building.
1946,389,An in-line skater is attempting a trick in a long metal rail behind a large structure.
1947,389,The boy is doing a trick on a rail next to an overpass.
1948,389,A boy stands on a rail with his arms outstretched.
1949,389,A boy standing on railing
1950,390,A person is clothed in an elaborate red gown is chiming a small bell held in the left hand on the sidewalk.
1951,390,A woman wearing a red dress and head covering is standing outside of a building.
1952,390,A woman with a red dress is standing outside with her eyes closed.
1953,390,A woman in a bright red dress is standing outside of a building.
1954,390,A woman is standing in front of a glass door in a red dress.
1955,391,A blond individual rides a jet ski in water near a mountain range.
1956,391,A person on a water vehicle on a lake surrounded by mountains.
1957,391,A girl is wearing her life vest while she rides a jet ski.
1958,391,A person is in the ocean in the boat wearing life jacket.
1959,391,A woman is riding her water bike.
1960,392,A woman in a flowing blue robe with a white wave pattern is dancing in front of a large brick building with other dancers similarly attired in the background.
1961,392,A small group of women in traditional dark blue and white kimonos and sandals dancing in front of a tall brown brick church.
1962,392,"Four Asian women performing a dance in traditional, Oriental attire, outside a church with onlookers watching."
1963,392,Several women are performing a dance in front of a building.
1964,392,Several people dancing outside a building.
1965,393,"Two men in purple vests stand next to a table with a cake on it, while several nicely dressed people are sitting at tables."
1966,393,"A couple of men in purple, standing in front of a tiered cake."
1967,393,Some men wearing formal clothes stand around a wedding cake.
1968,393,The waitress is placing the cake on a table at a gathering.
1969,393,One of the young is rising cake to pass on to your partner
1970,394,The black and white dog is running with a red pail in its mouth.
1971,394,A small black and white dog carrying a red bucket in his mouth
1972,394,Black and white dog running carrying red bucket in mouth.
1973,394,A black dog is carrying a red bucket in its mouth.
1974,394,A black dog runs with a red bucket.
1975,395,A young girl in a pink shirt gets ready to swing bat at a tee ballgame
1976,395,A little girl in a pink shirt takes a swing at a t-ball.
1977,395,A little girl about to hit a baseball off a tee
1978,395,A little girl is swinging at a baseball.
1979,395,A girl plays T-ball.
1980,396,"While one white dog is outside the pool, another white dog with a black spot on its back is jumping into a plastic swimming pool while getting sprayed by a garden hose."
1981,396,A white dog with black patches runs jumps through a spray from a hose into a blue plastic wading pool.
1982,396,A dog is being squirted with a hose as it jumps into a paddling pool.
1983,396,A terrier is sprayed by a hose while jumping in a pool.
1984,396,A dog is hosed as it jumps into a kiddie pool.
1985,397,"An elderly woman sitting on a chair outside a door reading while wearing a bright floral dress, red hat, in a warm toned setting."
1986,397,A woman with a yellow hat and multicolored dress examines a book on a patio.
1987,397,A woman wearing a yellow hat is sitting on a porch.
1988,397,A man sitting outside of a building reading.
1989,397,"Little Old Lady, sitting on her Porch."
1990,398,A young boy dressed all in red is standing in front of a small soccer goal.
1991,398,A little boy in a red soccer uniform is standing next to a soccer net.
1992,398,A boy in a red soccer uniform standing with a pop-up goal.
1993,398,A young soccer player standing in front of a net.
1994,398,A little boy protects a tiny soccer goal.
1995,399,"A brunette girl with a white shirt and brown backpack is holding an orange, yellow, and red kite shaped like a fish."
1996,399,A female with a backpack is seated and holding a paper animal.
1997,399,A woman sitting down working with what looks like a kite.
1998,399,Brunette girl with backpack readying a colorful kite.
1999,399,A girl is inspecting her Asian kite.
2000,400,A child slides into a wading pool full of water while an adult tosses a bucket of water on them.
2001,400,A woman is throwing water on a child in a plastic swimming pool in a rural area.
2002,400,A woman is throwing a bucket of water over a baby in the paddling pool.
2003,400,A little kid splashes around in the kiddie pool while a lady watches.
2004,400,A woman dumping water on a small child who is in a pool
2005,401,A woman and two others are sitting nearby a decorative water fountain.
2006,401,A woman sits on a wall next to a large conical fountain.
2007,401,Woman in black poses near a pyramid fountain.
2008,401,A girl sits outside at a large fountain.
2009,401,A young woman sits near a fountain.
2010,402,"Two young boys, one white and one black, are standing with their arms around each other."
2011,402,One white boy and one black boy stand with arms around each other.
2012,402,"Two boys, one black and one white, standing arm in arm."
2013,402,Two boys put their arms around each other and pose.
2014,402,Two young boys with their arms around one another.
2015,403,"A young girl in a blue shirt is walking in the sidewalk and holding up a pink sign that says, ""The Rescue."""
2016,403,"A woman with a headband walking at the lead of a crowd, holding a sign saying ""the rescue""."
2017,403,A girl carries a sign that reads The Rescue while a group of people follow her.
2018,403,A girl wearing a headband is carrying a pink sign on the street.
2019,403,Girl with blue shirt at a protest.
2020,404,"A man dressed as a cowboy wrestles with a young calf in midair, an ambulance and onlookers are behind a fence."
2021,404,"This is a man, who has a rope in is mouth, and a baby cow up in the air"
2022,404,A cowboy at a rodeo flips over a calf during a calf roping event.
2023,404,A man is at an event catching a young calf.
2024,404,Black guy trying to make some fresh barbecue.
2025,405,A matador in white and gold clothing and pink sock is getting hit by a raging bull
2026,405,The matador is struck by a charging bull as he stabs it with his swords.
2027,405,A bullfighter skewers his prey just as he's hit by the bull.
2028,405,A fancy outfitted bullfighter and bull.
2029,405,A man stabs a bull in a bullfight.
2030,406,"A couple dressed in coats, hats, and scarves are standing in the snow."
2031,406,Two people wearing winter clothes stand near a pole in a winter scene.
2032,406,"Two people outside in cold winter, with a scarf and hat on"
2033,406,Two cold people stand near a pole.
2034,406,Two people standing in the snow
2035,407,A young girl wearing a multicolored holding an orange ball in her right hand walking through bright green grass behind a house
2036,407,A little girl wearing a dress walks across a green lawn on a summer day with a home and trees in the background.
2037,407,A child in a dress runs through the yard with a miniature orange soccer ball in her hand.
2038,407,"A little girl stands in a backyard, holding a toy and looking into the camera."
2039,407,This little girl is enjoying the spring weather after the long winter break.
2040,408,"A young woman in a black blouse, blue jeans, and sandals is standing behind another young woman who is seated with a red poncho draped around her as the first young lady cuts her hair."
2041,408,"A brunette woman, who is wearing a black shirt, blue jeans, and sandals, is giving a woman a haircut."
2042,408,The lady in the black shirt is fixing the other lady's hair.
2043,408,A woman in a black shirt is giving another women a haircut.
2044,408,A hair designer working during renovations.
2045,409,A dark man wearing sunglasses and a black leather jacket is passing by a window.
2046,409,Black man in sunglasses and leather jacket staring downward.
2047,409,Man in sunglasses and leather jacket looking down
2048,409,A man wearing a leather coat and a white shirt.
2049,409,A man is looking down.
2050,410,A young female child attempts to break a Scooby Doo pinata using a stick at a gathering of her and her friends.
2051,410,A young girl takes a swing at a Scooby Doo pinata while other youths and an adult observe.
2052,410,A child plays with a decorated toy on a stick outside with adult supervision.
2053,410,A little girl is trying to break the pinata at a party.
2054,410,A group of children watching a child hit a pinata.
2055,411,Two fit men in tights are shaking hands in front a lot of country flags.
2056,411,Two Olympic athletes shake hands outside the training center
2057,411,Shirtless men shaking hands before national flags.
2058,411,Two guys shaking their hands before the competition
2059,411,Two men shaking hands outdoors in front of flags
2060,412,Two police officers on bright yellow motorcycles are talking to another man crossing the street.
2061,412,"Two men, sitting on ambulance motorcycles, are talking to each other."
2062,412,Two cops are sitting on an obnoxiously yellow motorcycle
2063,412,Two motorcycle cops are sitting in the street talking.
2064,412,Two ambulance workers talk on a London street.
2065,413,"A man, wearing a black shirt and red lanyard, is standing in front of a group of other males."
2066,413,A thin man talks in front of a seated crowd and explains something with his hands.
2067,413,A man in a dark shirt and orange lanyard speaking to an audience.
2068,413,A man is giving a presentation in front of a crowd.
2069,413,A man is giving a presentation.
2070,414,"A man in a white shirt and jeans stands leaning on a sewing machine table, while a woman in a blue skirt and purple shawl watches, accompanied by a man behind the sewing machine and a young man in a blue shirt sitting on the ground."
2071,414,A man in a white shirt and a woman in a vibrant dress are engaging in conversation in front of another man operating a sewing machine.
2072,414,There is a man sitting at a sewing machine outside behind a small brick house and talking to 3 other people.
2073,414,A group of people stand around a man sitting at a sewing machine outside.
2074,414,Four people outside together near a table.
2075,415,"A young woman is wearing a red shirt, black riding helmet, black pants, and black shoes, while riding in a saddle on a white horse."
2076,415,A woman in a red shirt is riding an all white horse that is galloping along the trees.
2077,415,A woman is riding her horse over dirt ground with tall trees in the background.
2078,415,A woman in a red shirt and black pants riding a white horse on brown grass.
2079,415,A person in a red shirt and black pants is riding a white horse.
2080,416,"A single runner, clothed in appropriate attire, jogging on a sidewalk next to a body of water, with buildings in the backdrop on the other side of the water."
2081,416,"A man in a white shirt and black shorts running along the edge of a lack along a concrete path, with buildings and trees in the background."
2082,416,"A fit, white man wearing a sleeveless tank top, black jogging shorts, and orange shoes running on the sidewalk next to a river."
2083,416,A young white man in running gear is jogging by the water.
2084,416,An athletic man runs wearing orange and blue shoes.
2085,417,Woman bending down to pick up a tennis ball outside in front of a wall with graffiti on it.
2086,417,"A woman with a tennis racket is bending down, with graffiti in the background."
2087,417,A woman playing tennis is bending forward to check on her sneaker.
2088,417,A woman in sports clothing playing tennis picking something up.
2089,417,A tennis player stops to pick up the ball.
2090,418,"A woman wearing a blue shirt, jeans and red converse sneakers takes a photograph."
2091,418,"A young woman wearing a blue shirt, jeans and red sneakers taking a picture."
2092,418,A woman in a blue shirt and jeans is taking a photo.
2093,418,A girl in a blue shirt takes a photo.
2094,418,A woman taking a picture.
2095,419,"Sandy beach, people walking, laying, sitting, a kite is flying."
2096,419,People are enjoying a sunny day on a sandy beach by the ocean.
2097,419,People are on the beach and there is a kite in the air.
2098,419,People on the beach and a kite in the sky.
2099,419,A bunch of people at the beach.
2100,420,A bus is standing on the road while one man is driving a bicycle and second man is walking on the road.
2101,420,A man on a bike and a man is walking in front of a bus with a 'Sex And The City' ad.
2102,420,2 men in front of a bus with a sign for sex and the city.
2103,420,A man with a blue bag is exiting a city bus.
2104,420,Two men are getting off the bus.
2105,421,An elderly man having his shoe polished by a roadside vendor on a busy walkway.
2106,421,A bald man polishing a man's black shoes on the side of a busy street.
2107,421,A shoeshine man works as others pass by on a busy sidewalk.
2108,421,A family stops on a busy street to get something to drink.
2109,421,People are bustling about on a crowded cobblestone road.
2110,422,"Child in blue polos are sitting around a table writing on their notebooks, one is standing up."
2111,422,Five young boys in blue shirts are writing in notebooks at a table.
2112,422,Several children working on some type of project in a classroom.
2113,422,Five boys in blue shirts drawing at a table.
2114,422,Some kids at a table doing work.
2115,423,"A young girl is wearing a dress with a red, black, and white design."
2116,423,A little girl walks on a boardwalk with blue domes in the background.
2117,423,"Small girl in red, white and black dress looks at large silver orbs."
2118,423,A girl skips over to the fence.
2119,423,A child at an exhibit.
2120,424,"A young boy, wearing suspenders and a red flannel shirt, hits a piece of metal on an anvil."
2121,424,A young boy appears to be hammering metal on top of an anvil.
2122,424,A young boy performs the tasks of a blacksmith.
2123,424,A little boy is working with hot metal.
2124,424,A young boy pounding on an anvil.
2125,425,A man in white is cooking pieces of meat on a large cooking surface.
2126,425,"An Oriental man, wearing a white shirt and apron is cooking."
2127,425,"Asian man, wearing an apron, preparing food."
2128,425,This is an oriental chef preparing meats.
2129,425,A man is cooking food in a large pot.
2130,426,There is a crowd full of people and many beautiful young Indian women wearing blue robes and stretching out many transparent blue sheets across a courtyard to their partners.
2131,426,"Girls wearing a blue dress holding a thin, long, blue fabric while one girl is smiling and pointing to the camera."
2132,426,"Women of India performing with blue streamers, in beautiful blue costumes."
2133,426,A young Indian girl in a blue dress is pointing and smiling at the camera.
2134,426,Girls in blue dresses are holding large blue cloths.
2135,427,Two tri-colored short dogs run away from the camera in the trees.
2136,427,Two dogs run on a path near a stone bench.
2137,427,Two dogs are running up a woodland path.
2138,427,Two dogs run across the woods.
2139,427,Two dogs running toward trees.
2140,428,A young man in sneakers and a red jacket is posing with one hand on the ground and the other raised in the air.
2141,428,A boy wearing a red shirt is bent over with a growling look on his face.
2142,428,A man wearing a red shirt is punching the ground while looking angry.
2143,428,Comical man pushing his fist against a broken concrete tile.
2144,428,An angry looking man pretending to punch the ground.
2145,429,"A man wearing rubber gloves and boots inspects a large piece of cloth that's draped over a wet, stone structure."
2146,429,"A man in a red shirt and boots leans over brown cloth, surrounded by small, square pools of dirty water."
2147,429,A man wearing gloves and boots looks at some animal skins.
2148,429,Someone in a red shirt stacking many animal hides.
2149,429,Man inspects pieces of fabric.
2150,430,A samurai warrior in full black dress takes his sword from the sheath on an outdoor training mat.
2151,430,A man in a black martial arts suit unsheathes a sword on a training mat in a field.
2152,430,A guy with a sword and traditional fighting gear is getting ready for a fight.
2153,430,"A man in black wields a sword in front of rolling, green hills."
2154,430,One man dressed in black doing karate in a green field.
2155,431,"A band performs on a modest-sized stage for an attentive crowd, with the band showing two guitarists, a keyboardist, and a percussionist."
2156,431,A band performing a concert in front of a moderately large crowd
2157,431,A musical group performing before a large audience.
2158,431,An audience watches as a band performs.
2159,431,Musician performs at local venue.
2160,432,A middle eastern looking dude is stuck in a glass cage filled with pretzels.
2161,432,A man holding a piece of bread or pretzel in a food case window.
2162,432,A man wearing a white work coat is arranging soft pretzels.
2163,432,A street vendor is gathering bread and pretzels to sell.
2164,432,A man stacks ring-shaped bread in a display case.
2165,433,A boy licks an older male's face that's covered in a blue and yellow creamy substance.
2166,433,A child in a yellow shirt is licking brightly colored food off of a man's cheek.
2167,433,A young boy is licking blue and yellow frosting off a young man's face.
2168,433,Someone licks the face of a man with blue and yellow paint on his face.
2169,433,A young boy is licking colored frosting off a young man's face.
2170,434,Adults in the kitchen of someone's house eating and looking at something in front of them.
2171,434,"People having some lunch after a church service in san antonio, texas united states"
2172,434,A group of young people stand and eat off of paper plates.
2173,434,Several people are standing in a room eating.
2174,434,A room of people eating food.
2175,435,Lady in jacket peruse fresh fish while a lady and a man wait behind her.
2176,435,A little girl in a purple coat stares at the fish at the market.
2177,435,A young girl examines the fish selection at the grocery store.
2178,435,A child in a shopping cart is looking down at a fish counter.
2179,435,A little black girl is in a grocery carriage looking at fish.
2180,436,A man on inline skates does a trick on a cracked concrete ramp.
2181,436,The man does a trick on his skateboard on a concrete ramp.
2182,436,A man on the edge of a wall about to fall off.
2183,436,A man with Rollerblades grinding a curb.
2184,436,A man jumping onto a platform.
2185,437,Children play in grass at a crowded outdoor festival.
2186,437,A smaller art festival on the edge of a forest
2187,437,A crowd is gathering on a grassy plain.
2188,437,People mingling at colorful fair.
2189,437,A crowd at an outdoor event.
2190,438,A father sitting on a couch while holding his baby daughter and his other daughter is smiling at the camera.
2191,438,A man in a tan coat holding an infant and a young girl sitting on a brown couch.
2192,438,A man in a coat holds an infant while an older child smiles at the camera.
2193,438,A man holds a baby in a house while a blond child looks at the camera.
2194,438,A gray-haired man holds a small child while sitting on a brown couch.
2195,439,Firefighters converse with a man at the scene of an emergency.
2196,439,Firefighters wear reflective uniforms and stare upwards.
2197,439,Several firefighters are responding to an alarm.
2198,439,Reflections from the firemen's uniforms.
2199,439,Firefighters are responding to an event.
2200,440,A man in a white helmet and green shirt grinds on his rollerblades.
2201,440,A guy in green is rollerskating on a narrow strip.
2202,440,A man in a green shirt is skating on a railing.
2203,440,A man rollerblading on a metal bar.
2204,440,Rollerblades sliding on a railing.
2205,441,An Asian woman cleans off the window inside of a cafe.
2206,441,A worker is cleaning a food display in a restaurant.
2207,441,A woman cleans the glass of a deli display cabinet.
2208,441,A woman cleaning a sneeze screen at a restaurant.
2209,441,Woman cleaning the glass at a salad bar.
2210,442,A falcon pursues a small rodent as it flees through the grass.
2211,442,A hawk diving to catch a small animal.
2212,442,The hawk swoops down upon its prey.
2213,442,Falcon closing in on rodent.
2214,442,A bird dives for some food.
2215,443,Many people standing around a silver car with the hood raised while a young girl in a yellow shirt and blue jeans drinks from a bottle.
2216,443,"This mother and her daughter and granddaughter are having car trouble, and the poor little girl looks hot out in the heat."
2217,443,"A family including two women, a man, and a child standing around the open hood of a car, examining the inside."
2218,443,A little girl drinks water while the car is getting fixed.
2219,443,A family looking under the hood of a car.
2220,444,"A white dog, with a black collar, opens its mouth wide while in front of a white building."
2221,444,A white dog catching a milkbone in his mouth
2222,444,A white dog catching a treat in his mouth.
2223,444,A dog catching a biscuit in its mouth.
2224,444,A white dog is jumping for a treat
2225,445,A young boy wearing safety glasses uses a hammer to break up rocks while a man in plaid pants stands nearby leaning on a cane.
2226,445,A boy in a blue shirt hammers at the ground.
2227,445,A young boy on his knees with a hammer.
2228,445,Young boy hitting a rock with a hammer.
2229,445,A young kid breaking a rock with hammer
2230,446,"A band performs live for the ""Good Morning America"" Summer Concert Series in front of an audience."
2231,446,Good morning America hosts their summer concert series brought to you by Walgreens.
2232,446,People playing instruments on stage in front of blue banners.
2233,446,A lady holding a microphone standing on a stage.
2234,446,The band Sugarland is performing.
2235,447,Young man wearing blue jean shorts and a tank top balancing on his hand with his body in the air in the street while performing for bystanders.
2236,447,A man wearing a blue shirt and denim jeans is dancing in the middle of a city square while a crowd of onlookers watches.
2237,447,There is a man in the middle of a crowd breakdancing in what looks to be a central square.
2238,447,"The images aren't showing up, so I 'm going to assume the picture is lovely."
2239,447,Around old beautiful buildings a crowd surrounds a man breakdancing.
2240,448,A group of soccer players from different teams talk to the referee on a bright green soccer field.
2241,448,Soccer players are talking with each other while standing on a soccer field.
2242,448,A referee is talking with a couple of soccer players in red jerseys.
2243,448,A referee is speaking to some players on a field.
2244,448,Players are getting ready for a soccer game.
2245,449,A white man with glasses holds his hands up in mid-sentence.
2246,449,The conductor was very agitated during the performance.
2247,449,An elder man conducting an orchestra.
2248,449,A man is conducting an orchestra.
2249,449,Conductor leading his orchestra.
2250,450,A police officer looks through papers while a blond woman with sunglasses and a gold purse sits there watching him.
2251,450,A fat police officer and a fat lady sitting together while the police officer flips through paperwork.
2252,450,A lady sitting with a police officer while he completes a report.
2253,450,Police officer looking through paperwork as women looks on.
2254,450,A police officer booking a criminal.
2255,451,Three people are attempting feel the rush of free falling before they pull their parachutes.
2256,451,"Three people skydiving, one of them is sticking there tongue out making a silly face."
2257,451,3 people skydiving holding hands with the one in the middles mouth wide open
2258,451,"Three people skydiving, one is making a funny face."
2259,451,Three people holding on to each other skydiving.
2260,452,A group of people sit on a wall above a large bas-relief sculpture and reflecting pond.
2261,452,A group of people are sitting next to each other on the edge of a high wall.
2262,452,People sit and talk on the ledge of stone public building
2263,452,People sitting on a wall next to a statue.
2264,452,Several people are sitting on wall.
2265,453,Man in traditional costume holding small guitar with a silver bike behind him.
2266,453,A Spanish looking man is playing an instrument in the street for money.
2267,453,A man dressed as a mariachi player holds a small guitar and sings.
2268,453,A man is playing an instrument and singing.
2269,453,A latino man playing an instrument.
2270,454,People dancing and being watched by a man wearing a shirt that says security.
2271,454,A large group of young adults are crammed into an area for entertainment.
2272,454,A crowd of young people gathered at a small entertainment event.
2273,454,A group of young adults is crowded into a small indoor space.
2274,454,All these people are enjoying a basement dance party.
2275,455,"A short girl in a white skirt, black boots, and a gray-green jacket carrying a red bag on the sidewalk."
2276,455,A black-haired woman in a white skirt and black boots is carrying a red bag and walking down the street.
2277,455,"A woman with a short, white skirt, black boots and a red bag walks away."
2278,455,A woman in a skirt and boots with a red bag walking down the sidewalk.
2279,455,A woman dressed up walks down the sidewalk with her back turned.
2280,456,Images are missing images are missing images are missing images are missing images are missing images are missing
2281,456,A small child in a blue jacket is using his yellow pale to water a plant.
2282,456,A young boy in a blue shirt gingerly waters a plant.
2283,456,A young boy in a blue sweater is watering a plant.
2284,456,A small buy waters a plant with a watering can.
2285,457,A female singer croons into a microphone close to her mouth.
2286,457,Female sings into a mike while performing on stage.
2287,457,A long-haired woman is singing into a microphone.
2288,457,A woman with long hair and a paisley dress sings.
2289,457,A woman singing into a microphone.
2290,458,A man is running on a treadmill while wearing blue shorts and a white shirt.
2291,458,A man in a white shirt and basketball shorts is running on a treadmill.
2292,458,A bald man running on a treadmill in a white shirt and striped shorts.
2293,458,A man tries to get himself into shape on a treadmill.
2294,458,A man is running on a treadmill.
2295,459,"A girl wearing a red vest and a girl wearing a blue vest are practicing karate, as people look at them."
2296,459,A boy in a red vest and white karate outfit is sparring with a boy in a blue vest.
2297,459,"Two children participating in karate, one in red gear and the other in blue."
2298,459,Two girls practicing marital arts with all of their safety equipment on.
2299,459,"Two young girls, in sparing gear, fight."
2300,460,A group of men enjoying their selves on the closer-to-shore area of an ocean.
2301,460,People rock jumping into water while people fish in the background.
2302,460,A man takes a swan dive off a cliff while others look on.
2303,460,"People standing, fishing and diving into the water."
2304,460,A man in blue swim trunks diving off a large rock.
2305,461,A blue race car on a racetrack is marked with the number 90.
2306,461,"The number ninety, blue car, is sitting on the track."
2307,461,The number 90 blue race car is sitting on the track.
2308,461,A blue race car is parked on the road.
2309,461,A very fast looking blue race car.
2310,462,A woman in a white shirt and jeans is stretching out her arms while standing on her tip toes.
2311,462,A woman in a blue shirt stands like she just released something from her hand.
2312,462,A woman in a gray shirt is stretching in an outdoor park area.
2313,462,A young woman in jeans and white tee is standing on her toes.
2314,462,A young brunette woman reaches out for something.
2315,463,A woman in colorful print weaves on a loom while a seated man in a red shirt looks on.
2316,463,A man in a red shirt and a woman in a colorful shirt and sitting outside.
2317,463,A couple is sitting in front of a house and the woman is weaving.
2318,463,A woman is hand weaving cloth.
2319,463,A man watching a woman weave.
2320,464,"Man in black pants and vest balances between to pillars, holding two flaming torches in his right hand."
2321,464,A well-dressed man climbing between two columns while holding torches.
2322,464,A man in a suit is straddling two pillars while holding a flame.
2323,464,Juggler standing balanced between two columns
2324,464,Man scaling wall with fire in hand
2325,465,"Many member of a sports league, some in white and some in red stripes, walk about on a green grassy field."
2326,465,A group of soccer players gathered on a soccer field.
2327,465,Two soccer team on a soccer field with the referee.
2328,465,Two soccer teams walking on a soccer field.
2329,465,Two soccer teams yelling at one another.
2330,466,"A man talks on a cellphone, while standing in front of a Dale Earnhardt, Jr., display."
2331,466,The man is talking on his cellphone in front of a sports store.
2332,466,A man standing in front of Dale Jr. posters with red light
2333,466,A man is talking on a cellphone outside of a bar.
2334,466,Man on the phone in front of a neon sign
2335,467,A woman in a raincoat leans against an enclosure for a subway stairs in New York City
2336,467,A woman is stopped at a crosswalk waiting on the clear signal to start walking.
2337,467,A female is looking out onto a New York City street.
2338,467,She is overlooking the city in the evening.
2339,467,A lady looking across a busy street.
2340,468,An elderly woman walks down a path holding two white bags.
2341,468,A woman carrying plastic bags walks down a scenic path.
2342,468,There is a lady walking with bag possibly groceries
2343,468,Someone walking down a path in the woods.
2344,468,A woman walking home with her groceries.
2345,469,"A woman in the kitchen, holding a spoon with her left hand and upper rack of the dishwasher with her right hand."
2346,469,An adult lady wearing a tank top and a skirt is putting dishes in the dishwasher.
2347,469,Women wearing a white tank top and green pants loading dishes into a dishwasher.
2348,469,A woman is standing near a kitchen sink and loading a dishwasher.
2349,469,A woman in a white top standing next to a dishwasher and sink.
2350,470,A skateboarder attempts a trick on the side of a low wall.
2351,470,A boy is balancing his skateboard on a cement wall.
2352,470,A boy performs a skateboard trick in a parking lot.
2353,470,A boy does skateboard tricks on a railing.
2354,470,A boy grinds a ledge on his skateboard.
2355,471,"Looks like a man transporting a family, consisting of a mother, a father, and a son, to some destination"
2356,471,A dark-skinned man drags a cart with a couple and a child inside in the outskirts of a town.
2357,471,There is two people riding in a cart being pulled by a man outside on the road.
2358,471,A barefoot man is pulling two adults and a child in a red rickshaw.
2359,471,"A man, carrying three people in a carriage, on a road."
2360,472,A woman is standing in the middle of the sidewalk at night.
2361,472,A woman is standing on the sidewalk late in the evening.
2362,472,A Girl with blond-hair on a pathway looking at the sky.
2363,472,A girl walking down the sidewalk at night
2364,472,A woman standing outside at dawn.
2365,473,"At an outdoor market, a small group of people stoop to buy potatoes from a street vendor, who has his goods laid out on the ground."
2366,473,Three men in hats and a woman in a red shirt examine the produce presented to them by the man in the blue shirt and white hat.
2367,473,Five people gather around a pile of potatoes and collect some to put into bags.
2368,473,Mexican villagers are buying potatoes at an outdoor market.
2369,473,A man sells potatoes to a group of people.
2370,474,Several Asian men and women are standing at a busy crosswalk while waiting for their turn to cross the street.
2371,474,Several people standing at a stoplight waiting to cross the street.
2372,474,Pedestrians are waiting to cross the street at a crosswalk.
2373,474,People standing on a street corner in Asian City.
2374,474,A group of people waits at a crosswalk.
2375,475,Two men in plaid shirts and orange hard hats are standing on a hillside looking at a recently sawed down tree.
2376,475,Two men with orange safety hats are inspecting the stump of a recently cut down tree.
2377,475,Two men wearing orange hard hats in the woods looking at a cut down tree.
2378,475,Two men in a forest cutting down a tree.
2379,475,Two men a chopping lumber.
2380,476,"An older man with a long white beard, glasses and black fedora sits in front of a white door with a portrait painting of him smoking right by his side."
2381,476,"Rustic man with a long white beard, a dark hat and glasses poses in front of a portrait of himself smoking"
2382,476,"A man with a black hat, a pair of glasses, and a long white beard sits next to a painting of himself."
2383,476,An older man with a long beard sits next to a painting of himself.
2384,476,An old man is sitting next to a drawing of himself.
2385,477,A man in a yellow Hawaiian shirt is playing a guitar and singing with a guy in a black shirt.
2386,477,A man in a floral yellow shirt is playing the guitar with a Japanese man on stage.
2387,477,The man in the yellow shirt is singing and playing guitar.
2388,477,Two men playing guitars in a band on a stage.
2389,477,Two men in a band play at a venue.
2390,478,Costumed riders are riding saddled and bridled horses walking through tall green grasses.
2391,478,A line of men riding horseback through the grass are all wearing period uniforms.
2392,478,Men in fancy military uniforms are riding through a field on horseback.
2393,478,A group of men in uniform are riding horseback.
2394,478,A line of horse riders are riding in a field.
2395,479,"People in front of waterfront, 3 people are sitting down facing each other as a young boy runs and 2 people walk towards the water."
2396,479,A small group of three enjoy the view of the water as a small boy wanders off and two companions enjoy a walk along the shoreline.
2397,479,"Six people by body of water, all in jackets, three sitting on the dandelion-strewn ground."
2398,479,Three people are sitting on green grass and three people are walking beside a body of water.
2399,479,A group of people sitting by a lake.
2400,480,Several young Asian men are eating ice cream cones in the middle of a busy street while an older Asian man stands next to them.
2401,480,"A group of Asian men on a busy and congested pedestrian thoroughfare, eating ice cream cones."
2402,480,A group of Asian kids eating ice cream on the street.
2403,480,A couple of Asian people eating ice cream cones.
2404,480,Two men shopping in an Asian market.
2405,481,A black dog runs along the beach and jumps over a wood barrior.
2406,481,A dog jumping over a small wall at a beach near the water.
2407,481,A black dog is jumping over a log along a beach.
2408,481,An animal is running on the beach.
2409,481,A dog is running on the beach.
2410,482,"A surgeon peering over his patient, while the computer screen shows the outside waiting room and an image of the surgery room."
2411,482,Two men in surgeons' gowns are completing an operation in an OR.
2412,482,Two surgeons in blue with white masks and glasses perform surgery
2413,482,Two doctors in blue uniforms are in the process of surgery.
2414,482,Two doctor who are working on a patient.
2415,483,A man with a backpack was bicycling past the Chinese food market.
2416,483,A man rides his bicycle past the Chung May Food Market.
2417,483,A man rides his bike past the Chung May Food Market.
2418,483,A man is riding his bike past a grocery store.
2419,483,Man cycling past the Chung May Food Market.
2420,484,A woman in a maroon tennis outfit is on the tennis court and is bouncing the tennis ball on the court floor with her racket.
2421,484,A blond girl in a maroon tennis outfit is using a tennis racket to bounce a tennis ball.
2422,484,A girl in a red dress and white sneakers bouncing a tennis ball with a tennis racket.
2423,484,A female Texas A&amp;M tennis player dribbling the tennis ball.
2424,484,A woman in a red outfit playing tennis.
2425,485,Two men in chartreuse jackets and dungarees are working on the roof of a house.
2426,485,"Two men, both wearing bright yellow vests and jeans, are working on a roof."
2427,485,Two construction workers on top of a house building a roof.
2428,485,Two men working on a roof in yellow coats.
2429,485,Workers on a roof install new shingles.
2430,486,"An African-American man in a white carrying what appears to be metal art, walks along side a Caucasian woman wearing a white sweater."
2431,486,A black man in a green sweater holds a mini Eiffel Tower in one hand and something unknown in the other.
2432,486,A man carrying trinkets with the Eiffel tower in the background.
2433,486,A man and woman shop together downtown in a city.
2434,486,A couple on a walking tour.
2435,487,A girl wearing a helmet and sneakers swings on a zip-line next to a platform.
2436,487,A woman wearing a yellow helmet takes off on a rope course.
2437,487,A woman in a black shirt on a bungee cord.
2438,487,A woman hanging from a safety apparatus.
2439,487,A person playing on a rope swing.
2440,488,"Many shirtless men, wearing black hoods over their entire faces, walk barefooted in a long single file row."
2441,488,"Many men, with black bags over their head and no shoes are being lead to a specific destination."
2442,488,Barefoot men wearing black masks and no shirts are walking in a procession.
2443,488,"A group of men, blind folded, walking down the street."
2444,488,A long line of men veiled demonstrating something.
2445,489,A boy wearing a white t-shirt and a long-sleeve plaid shirt is smiling while swinging.
2446,489,A boy on a chained swing looks to the right and smiles.
2447,489,A child on a swing-type ride.
2448,489,A boy riding on a swing.
2449,489,A boy plays on a swing.
2450,490,A man wearing athletic biking clothing and a helmet is riding his bike down a ramp made of wooden boards.
2451,490,A biker wearing a white helmet and black clothes races down a wood bridge
2452,490,A man on a bicycle rides down the side of a wooden plank ramp
2453,490,Man is determined to bike his way to the finish!
2454,490,A muddy biker drops into a wooden ramp.
2455,491,A woman in black wedged sandals is wearing white pants and a sleeveless black shirt while standing in front of a building.
2456,491,Here is a young woman standing in the street in front of a department store.
2457,491,A woman standing outside on the street in front of the La Perla store.
2458,491,A woman standing in front of a store called La Perla.
2459,491,A blond woman smiles outside of Laperla.
2460,492,"A group of children and adults walk along a railroad track, flanked by two dogs."
2461,492,Large happy family walking down railroad tracks with two dogs in the winter.
2462,492,A group of young women and boys walk down railroad tracks in a wooded area.
2463,492,A group pf people and their pets walk down a train track
2464,492,This family is walking their dog.
2465,493,"One girl is playing a violin, while another girl is playing the piano, and older lady is in the background with her eyes closed."
2466,493,"Two females are playing instruments, one the piano and one the violin, indoors with another woman looking on."
2467,493,A young woman is playing the violin while another lady plays the piano.
2468,493,Several women are playing musical instruments at someone's home.
2469,493,Two people are playing music.
2470,494,A photo of a ride at an amusement park on an overcast day.
2471,494,People are in a ride that drops you from a great height.
2472,494,A person is laughing on a roller coaster ride.
2473,494,People on an amusement park ride.
2474,494,People on a ride at a fair.
2475,495,"Two children, a boy and a girl, sit on a swing overlooking trees."
2476,495,Two children are hugging while on a swing above a scenic view.
2477,495,A boy and girl child swing together on a swing set.
2478,495,A young girl and boy swing above some trees.
2479,495,Two children swinging on a bright day.
2480,496,"A family is taking ride in a old style horse-drawn wagon, driven by a man in a vest and derby hat, down a tree and shrubbery lined grassy path"
2481,496,A man driving a cart led by two horses and carrying several people past a wooded area.
2482,496,Tourists riding on a wagon with brown and white horses are sight seeing.
2483,496,A group of tourists taking a ride on a horse-drawn carriage.
2484,496,Two Clydesdales pull a large wagon with a family inside.
2485,497,A woman is working the spotlights to a play while other spectators watch the play in the background.
2486,497,A female camera operator is capturing some off-camera activity.
2487,497,Television cameras set up to record an even at a theater.
2488,497,A camera women filming an entertainment event.
2489,497,A woman operating a camera in a opera theater.
2490,498,"A group of strangely dressed people sit around a table on brightly colored red chairs on a public street, holding large red cards."
2491,498,Four people sit outdoors at a white square table as a man in a striped pink shirt stands and talks to them.
2492,498,Four people in period costumes sit outdoor at a table and curious onlookers stop to stare.
2493,498,Four people dressed in 1920's attire sit at a table.
2494,498,Costumed entertainers taking a break.
2495,499,A boy standing on a red mat with a person upside down in the background.
2496,499,A boy does a flip while another boy stands on the Matt.
2497,499,A young boy is standing near another doing a back flip.
2498,499,A child does a flip behind a small boy.
2499,499,Two kids playing on mats.
2500,500,"Elderly men in blue striped kimonos and blue sashes, the man on the right laughing, and the man on the left in sunglasses."
2501,500,An Oriental man and woman wearing blue and white kimonos are sitting together.
2502,500,Two men are conversing together dressed in traditional clothing.
2503,500,"Two, elderly gentlemen in kimonos are talking and laughing."
2504,500,Two old men smiling in robes.
2505,501,A man on a motorcycle in the woods wearing a black helmet.
2506,501,A distorted picture of a guy on a motorbike in a forest
2507,501,A mountain biker riding through a forest.
2508,501,A mountain biker in the forest.
2509,501,A guy on a bike in the forest.
2510,502,"Two street musicians, one wearing a mini leather cowboy hat, white t-shirt and black pants, holds a banjo while the other wears a orange shirt and black jeans leans against a fire hydrant."
2511,502,"Two men, one sitting with a guitar and one leaned against a silver fire hydrant with a didgeridoo look down the street in the same direction."
2512,502,A man sits with his guitar while a man in a peach shirt holds a walking stick.
2513,502,A man with his guitar plays on the street for tips.
2514,502,Street musicians working for money to survive.
2515,503,"A woman who is walking and wearing a bright pink coat and short, tight black dress."
2516,503,A woman wears a black dress and a pink coat and a white pendant on a long chain.
2517,503,A girl in pink coat and black dress is walking confidently.
2518,503,A woman wearing a vibrant pink overcoat and a black dress.
2519,503,Young women wearing a pink coat.
2520,504,Fisheye view of a man in Rollerblades grinding at the top of a ramp.
2521,504,A rollerblader is performing a trick on a ramp.
2522,504,A man on inline-skates at a skate park
2523,504,A young man does tricks on a ramp.
2524,504,A man rollerblading on a ramp
2525,505,"A tow-headed toddler in a brown shirt and black pants is walking down a stone path in the middle of an indoor greenhouse, surrounded on both sides by green leaves and flowers."
2526,505,A small girl walking through a greenhouse with a brick path.
2527,505,A little girl walks on a path of an indoor garden.
2528,505,A child is walking along a stone pathway.
2529,505,Young girl walking through a greenhouse
2530,506,A bald man in a gray button-up shirt and a black blazer is glancing down from his glasses while writing something in a book which appears to be a book signing as he has similar books stacked beside him.
2531,506,A balding man in a blue blazer marks in a book at a desk in front of a chalkboard.
2532,506,The author signs several copies of his novel.
2533,506,A man sitting at a desk writing in a book.
2534,506,A man reading and autographing a book.
2535,507,"Three young children, two girls and one boy, show exuberance later in the year as they jump in the dead leaves on the ground."
2536,507,"A boy and two girls, all wearing brown shirts and blue jeans, are jumping in the air."
2537,507,Three kids wearing brown shirts and jeans jumping outdoors with leaves on the ground.
2538,507,A boy stands as a girl on each side of him jumps during autumn in the wilderness.
2539,507,Three kids frolic through autumn leaves.
2540,508,A man rides his skateboard with his shadow falling on a wall covered in graffiti.
2541,508,A skateboarder is jumping through the air in front of a graffiti covered wall.
2542,508,A skateboarder performs tricks on a ramp in front of a wall with graffiti.
2543,508,A skateboarder performs a skateboard trick against a graffiti wall.
2544,508,A skateboarder grinding a lip.
2545,509,A young couple consults a book while sitting on a rock in the ruins of the Roman forum.
2546,509,A man and woman are at the ruins reading a guidebook.
2547,509,A man and a woman read books by stone structures.
2548,509,A couple is sitting among ruins and is studying.
2549,509,A man and women sitting on rocks study a book.
2550,510,"This girl is outside, kicking leaves, in a field where there are trees in the background."
2551,510,"A little girl, wearing a pink vest with matching pink shoes playing with falling leaves."
2552,510,A young girl in a pink jacket and pink converse kicks a pile of autumn leaves.
2553,510,A girl kicks up fallen autumn leaves.
2554,510,A girl in pink kicks up dead leaves.
2555,511,The man wearing a tan hat and white shirt holds his brown dog which is wearing an orange collar.
2556,511,A man in a white shirt is leaning over a brown dog in an orange collar.
2557,511,A man is crouching down holding on to his large brown dog.
2558,511,A man holds his brown dog back from jumping in the water.
2559,511,A man standing behind a black dog with a red collar
2560,512,"A blond girl wearing flannel and a brunette wearing a red shirt, both in jeans, are sitting in a tree with a crowd in the background."
2561,512,Two women sit in a tree to get a better view of the musicians on stage.
2562,512,Two young women are sitting in a tree.
2563,512,Two girls sitting in a tree at fair.
2564,512,Two woman are sitting in a tree.
2565,513,Five small dogs are pulling a cart which holds flowers and a small child while people walk beside and behind it.
2566,513,A child sits in a cart that is adorned with flowers; the cart is being pulled by six medium-small dogs.
2567,513,A small pack of dogs pull two children as four adults walk behind them.
2568,513,A boy in a flower carriage pulled by dogs.
2569,513,Child pulled in cart by small dogs.
2570,514,A group of African American children with their arms above their heads and happy expressions on their faces.
2571,514,A group of African-American children have their hands up in the air singing or shouting in a classroom.
2572,514,Many young dark complected children raising their arms in the air in excitement.
2573,514,The children are singing and holding their arms in the air.
2574,514,A group of kids in class with their hands in the air.
2575,515,A black female marathon runner wearing a red adidas shirt passes several onlookers.
2576,515,A woman wearing an Adidas tank top is running in front of a crowd.
2577,515,A female marathon runner inhales mid-stride.
2578,515,A black girl wearing Adidas is running.
2579,515,Marathon runner focused on the run.
2580,516,"A bedroom which contains a bed which has a striped bedspread and dust ruffle, is being vacuumed by a man wear navy shorts and t-shirt."
2581,516,A man in a black t-shirt and black shorts vacuums in a bedroom.
2582,516,A man is vacuuming a bedroom while barefoot.
2583,516,A man is vacuuming the carpet in a bedroom.
2584,516,A man vacuums a bedroom in his bare feet.
2585,517,A picture of a person performing a stunt on skies wearing a yellow and dark blue suit.
2586,517,A snow covered landscape with light fixtures and a red fence.
2587,517,A skier rotates through the evening mountain air.
2588,517,A skier wearing yellow and black is airborne.
2589,517,A man is flying through the air on skis.
2590,518,A woman wearing a blue and white dress washes a man's hair while he sits in a barber's chair.
2591,518,An Asian man is at a hair salon getting a shampoo from an Asian hair stylist.
2592,518,A man gets his hair washed by a woman in what seems to be a barber shop.
2593,518,A woman is shampooing and man's head in a hair salon.
2594,518,Asian man is at a salon getting his hair done.
2595,519,A man with a mohawk and a face pained white talks to a woman wearing a large pink hat.
2596,519,A man with a mohawk and makeup is talking to a girl dressed in a purple hat.
2597,519,A costume party where a weird zombie Mohawk guy finds a girl
2598,519,Man and women in a halloween costume having a conversation
2599,519,A man with tattoos at a costume party.
2600,520,A group of two women and two men dancing in the streets.
2601,520,Two couples are dancing in front of retail buildings.
2602,520,Two couples are dancing in an open-air retail area.
2603,520,Four individuals are dancing in an open street.
2604,520,Two couples are dancing outside.
2605,521,A man is repelling down the side of a mountain over the ocean.
2606,521,A person rappelling a cliff above a body of water.
2607,521,A man is repelling down a cliff next to a lake.
2608,521,A man is abseiling down a cliff over the ocean.
2609,521,A person is swinging by a cord over the ocean.
2610,522,Someone wearing a green and white suite is riding an orange motorcycle with the number 244 on the front and there is a structure in the background that has a red arrow on it.
2611,522,Even though completely on track the motorbike swerves to avoid construction derbis.
2612,522,A dirt biker is riding through some sand as spectators watch.
2613,522,A man in a green jumpsuit rides an orange dirt bike around.
2614,522,Dirt bike racing through building debris.
2615,523,A bald man is attempting to slam dunk a basketball in a game while people in the stands watch.
2616,523,A basketball player is jumping and about to dunk a ball in front of a crowd.
2617,523,A man reaches toward dunking a basketball while an audience watches.
2618,523,The tattooed basketball player is about to dunk the ball.
2619,523,A tattooed man dunks a basketball.
2620,524,A young boy is falls to the awkwardly to the ground with a surprised look on his face while a group of people watch from behind.
2621,524,People watching a young boy looking like he is falling onto his bottom on a tiled floor.
2622,524,"A young white boy is horizontal in the air, about to hit the floor."
2623,524,This is a young boy in midair.
2624,524,A young boy breakdancing.
2625,525,"Children are playing doctor on an older woman, one is wearing a toy stethoscope, the other a red mickey mouse shirt."
2626,525,A male and female toddler playing with plastic doctor toys and giving an adult a pretend examination.
2627,525,A boy with a toy stethoscope pretends to examine a woman while a little girl sits nearby.
2628,525,A young boy are girl are playing with toys next to a woman who is lying on the floor.
2629,525,"Two young children are playing with an adult woman, who is laying on the floor."
2630,526,"Three young men play a video game, arranged in a half circle around an older TV, with two orange traffic cones on the carpet in the background."
2631,526,"Two boys, one in a white and the other in a brown shirt, play a video game while a third looks at a bag."
2632,526,Two friends are playing a video game while a third looks on.
2633,526,Three young men are sitting around a TV playing video games.
2634,526,Three young men are playing a video game on a small tv.
2635,527,Two white men drinking beer out of Guinness glasses.
2636,527,Two men drink beer out of tall drinking glasses.
2637,527,Two guys are drinking beer out of glasses.
2638,527,Two men enjoying a beer together.
2639,527,Two men drinking beer in a bar.
2640,528,A shirtless man is holding a welding mask and standing next to a large green metal box.
2641,528,A man with black hair and gray pants is standing holding a helmet and looks very dirty.
2642,528,A man with no shirt is wearing gloves and holding a mask.
2643,528,The shirtless wielder putting on his mask.
2644,528,A shirtless man is holding a face mask.
2645,529,"A man in a blue shirt with a name tag around his neck is standing next to a bar, while a man stands next to him in a tan shirt is on his cellphone."
2646,529,"A man named Luke, wearing a light blue shirt and a name tag is photographed from overhead as he stands leaning against the bar."
2647,529,The man in the blue shirt standing by the bar is wearing a name tag.
2648,529,A man in blue shirt talking with his friends in a bar.
2649,529,A man in blue shirt is staring on something.
2650,530,A dog playing with a golf ball in front of a small wooden fence on the beach.
2651,530,A white dog with black spots looks at a golf ball in the sand.
2652,530,A black and white dog is playing with a golf ball in the sand.
2653,530,The dog eyes the ball before retrieving it.
2654,530,A dog plays in the sand with a ball.
2655,531,The brown-haired toddler is holding onto the edge of a flower pot in a garden.
2656,531,This small child is in a garden with flowers all around.
2657,531,A child peeks his head out from some flowers.
2658,531,A child with blue eyes sitting amid flowers.
2659,531,A kid playing in a bunch of flowers.
2660,532,Two ladies with long hair who are between a red and white stripe pole are about to kiss each other.
2661,532,Two girls with long hair are about to kiss each other around a red and white striped pole.
2662,532,Two women with long hair and piercings look at each other.
2663,532,Two ladies show affection that will lead to a kiss.
2664,532,"Two women, one blond and one brunette, talking."
2665,533,"Two men, both wearing helmets, on skateboards with large wheels."
2666,533,A skateboarder wearing an orange shirt and orange helmet.
2667,533,"Two men on skateboards, and one has an orange helmet."
2668,533,Two men skateboards at high speed.
2669,533,Men riding skateboards.
2670,534,A red dump truck is dumping a load in front of some buildings while 3 men stand next to the truck.
2671,534,"Four men are performing work in a dirt lot, near a building, using a dump truck."
2672,534,The Workers using a truck to distribute rocks so they can build house with it
2673,534,A dump truck is unloading rocks while 3 people watch between two buildings.
2674,534,A red dump truck is on scene beside some buildings.
2675,535,A small child in a coat is running through some dead leaves on the ground next to a road.
2676,535,A little boy wearing a coat kick some leaves that had fallen on the ground.
2677,535,"A toddler wearing a dark blue jacket, kicks leaves on the ground."
2678,535,A young boy kicks at the autumn leaves beneath his feet.
2679,535,"Little boy in black jacket, kicking leaves."
2680,536,"A young boy wearing a gray hat, dressed in mostly black, accept for his shoelaces, playing on his skateboard."
2681,536,A young boy in a gray beanie is flipping a skateboard off of a curb in an area with graffited walls.
2682,536,A boy wearing a black t-shirt and gray stocking cap works on his skateboard skills.
2683,536,A boy is skateboarding near a graffiti-marked underpass.
2684,536,A boy is kicking over his skateboard.
2685,537,Two pilots are standing and talking in front of a British Airways airplane.
2686,537,Two men standing at the nose of a British airways airplane in discussion.
2687,537,Two men stand conversing in front of a British Airways airplane.
2688,537,Two men in white shirts standing in front of a plane talking.
2689,537,A pilot standing next to a British Airways airplane.
2690,538,A little boy in a bright green field has kicked a soccer ball very high in the air.
2691,538,Young boy kicks a red and white soccer ball on a grassy field
2692,538,A small boy wearing red kicks a soccer ball above the grass.
2693,538,A young boy playing with a soccer ball in a field
2694,538,A boy kicks a soccer ball high up.
2695,539,A man dressed in a vest is holding a binder and walking across the street.
2696,539,A masculine gentleman is walking down the street carrying a portfolio.
2697,539,A man in a shirt and black vest carrying a folder across a street.
2698,539,A man in a blue shirt and vest crossing the street.
2699,539,Man walking down the street of a city.
2700,540,A brown dog is carrying a stick too big for him over grass.
2701,540,A dog carries a large stick in its mouth over the grass.
2702,540,The brown German shepherd dog is playing with a stick.
2703,540,A large dog carrying a large stick in its mouth.
2704,540,A dog holds a large stick in its mouth.
2705,541,A woman with short hair and black t-shirt is sitting in a crowded park eating a sandwich.
2706,541,A dark-haired man wearing a black and white t-shirt eats in a park surrounded by people.
2707,541,A man is looking right into the camera and eating a sandwich.
2708,541,A man is eating outside with a group of people.
2709,541,A young man eating at a picnic.
2710,542,A young girl wearing a pink bathing suit with yellow and purple flowers is riding a toy train outside.
2711,542,A barefoot girl in swim goggles and a flowered bathing suit rides a plastic train pedal toy.
2712,542,A girl wearing goggles is sitting on a toy train.
2713,542,A young girl in a swimsuit riding a toy train.
2714,542,A young girl in goggles riding on a toy train.
2715,543,The guy in the blue shirt and jeans performs a grab trick on his skateboard.
2716,543,A man on a skateboard is jumping in the air with it.
2717,543,A man on a skateboard doing a jump over concrete.
2718,543,A guy skateboarding on midair.
2719,543,Skateboarder in the air.
2720,544,Asian Girl in red hoodie sitting at table eating with friends.
2721,544,A young woman sits in a cafe with people in the background.
2722,544,Two oriental people are seated a table at a restaurant.
2723,544,A girl is eating with her friends at a restaurant.
2724,544,A girl wearing brown jacket smiles.
2725,545,A light tan cat laying down on a concrete ledge next to the bushes.
2726,545,A white cat sits on a concrete wall and looks at the camera.
2727,545,A cat lays on a wall with shrubbery behind him.
2728,545,White cat perched on a stone wall.
2729,545,A white cat sits on a wall.
2730,546,The person is in a conoe and holding a paddle in front of some mountains.
2731,546,Beautiful scenery with a boat on the lake.
2732,546,A person paddles a boat on a lake.
2733,546,A man paddling in water.
2734,546,Person canoes in lake.
2735,547,Several people engaging in the day-to-day consumer activities within a Chinese shopping district.
2736,547,Some people walking down a street surrounded by shops with Asian text on them.
2737,547,Several people are walking down the street in a Japanese town on a sunny day.
2738,547,Asian people walking down the street of a market with their purchases.
2739,547,Two females are shopping in chinatown.
2740,548,A woman in a yellow and red outfit is squinting at a computer screen while holding a mouse.
2741,548,A woman wearing a yellow sweater and red vest working at a computer.
2742,548,A woman in a brown vest is working on the computer.
2743,548,A woman in a red vest working at a computer.
2744,548,An older woman on the computer
2745,549,A conductor getting ready to give a child a ride on the train.
2746,549,A man is standing with a small child by a train.
2747,549,A man and a boy are standing next to a train.
2748,549,A conductor gives a kid a tour of the train.
2749,549,A little boy standing beside a train.
2750,550,A man in a blue shirt and a man in a yellow shirt lie on the ground in an alley along a brick wall.
2751,550,A man in a yellow shirt and a man in a blue shirt lie beside a brick building.
2752,550,Two people sleep in an alleyway in the shadow of a brick building.
2753,550,Two boys got beat up behind a house and left there.
2754,550,2 adult men lying on a floor.
2755,551,A greyhound race with the lead dog wearing yellow and black stripes and the number 8
2756,551,"Greyhound dogs race on the track, with #8 leading the way."
2757,551,Some greyhound dogs are racing on a dirt track.
2758,551,Greyhounds racing on a track
2759,551,Dogs racing at a track.
2760,552,"A construction worker leans against a yellow pipe, seemingly asking for something."
2761,552,A construction worker is taking a break while leaning on a yellow bar.
2762,552,A man in a hard hat and work clothes is leaning over a railing.
2763,552,A man with a hard hat working at a construction site.
2764,552,Older man looks on in construction site.
2765,553,Seven men wearing cowboy hats are near the fence of a rodeo field while one contestant is in the process of roping an animal.
2766,553,"A cowboy lassos an animal while other cowboys, and a horse, look on."
2767,553,Men in cowboy hats stand around at a rodeo.
2768,553,A cowboy with a white hat tying a bull.
2769,553,A cowboy Roping a calf in a rodeo.
2770,554,A woman speaks on her cellphone with her purse and a yellow bag on the ledge next to her.
2771,554,This woman is smiling and talking on the phone while sitting on a stone wall.
2772,554,A woman in a black shirt is sitting next to a florescent green bag.
2773,554,A woman with a backpack sitting outside a building with others.
2774,554,A woman sits on a stone wall and talks on her phone.
2775,555,A young man in a blue shirt sits in front of a group of blue and white umbrellas.
2776,555,A man looks confused as he stands in front of a blue and white umbrella.
2777,555,A man wearing a blue shirt makes a grouchy face.
2778,555,A man in a blue shirt looking to his right.
2779,555,A white guy giving a dirty look.
2780,556,Ladder against a tree and rope harness being set up by a camp leader in front of campers.
2781,556,Many people are gathered around a tall tree that has a ladder leaning against it.
2782,556,A group of people are gathered in the woods around trees and a ladder.
2783,556,A group of people look toward a man holding a ladder against a tree.
2784,556,A man with curly hair conducts a climbing demonstration.
2785,557,A guy wearing a green and black layered t-shirt with blue jeans and black work boots jumping up with a concrete mirrored wall in the background.
2786,557,"A man in black oxfords, jeans and a layered green over black shirt, jumps in front of a run down industrial building."
2787,557,A man wearing jeans and a green and black shirt is jumping into the air with his arms outstretched.
2788,557,A man wearing blue jeans and t-shirt jumping in the air in front of a cement wall.
2789,557,"A man is posed with his arms outstretched, as if flying, mid - jump."
2790,558,Children stand with guns on a large green lawn with a man dressed as a soldier.
2791,558,A man dressed as a British Guard entertains children holding toy guns.
2792,558,Kids are watching a man in uniform standing on the grass.
2793,558,Children learning about old fashioned guns in a park.
2794,558,A soldier is teaching kids how to handle a gun.
2795,559,A girl with brown hair sits on the edge of a cement area overlooking water.
2796,559,"A woman in black, seen from behind, sits next to a body of water."
2797,559,A girl sitting outside on concrete near water in a black dress.
2798,559,A small girl sits on a ledge by the water contemplating life.
2799,559,A dark-haired girl is sitting on the waters edge.
2800,560,A toddler wearing a striped shirt looking contemplative in a house with his toy.
2801,560,A little blond boy in a striped shirt is playing with a toy walker.
2802,560,A child wearing a rainbow striped shirt is pushing a toy cart.
2803,560,A child in a colored striped shirt plays with a play set.
2804,560,A blond boy leans on a push toy.
2805,561,A man wearing an orange shirt and a baseball glove has just thrown a ball.
2806,561,A man wearing a baseball mitt is in a field leaning to his side.
2807,561,A man having just thrown a baseball in large field.
2808,561,A man is leaning over and holding a baseball mitt.
2809,561,A man in motion wearing a catchers mitt.
2810,562,"A photographer stand to the left of a tree in a field, whist four other people stand to the right on a sunny day."
2811,562,A group stands in the distance while the sky casts interesting light on some clouds.
2812,562,Men with surveying equipment are in the background of landscape.
2813,562,People and shrubs are silhouetted against an indigo sky.
2814,562,"Dark bushes, siluettes of people, clouds."
2815,563,A large black dog is jumping off a pier into a pond.
2816,563,A black dog jumping from a dock into water.
2817,563,A black lab jumps off a dock into a pond.
2818,563,A black dog jumping off of a dock.
2819,563,A black dog jumping into a lake.
2820,564,A white man wearing a ball cap and backpack is riding a bicycle while flipping the camera an obscene gesture.
2821,564,"A man wearing a white shirt and a hat, riding his bike, makes an obscene gesture to the photographer"
2822,564,A man riding a bicycle down the street is flipping someone off.
2823,564,A man riding on a bike down the street while flipping the bird.
2824,564,A man is riding a bicycle through a city.
2825,565,An indian lady wearing orange is at the market in front of a bunch of fabric on a table talking to the lady sitting down.
2826,565,Indian women in colorful Saris speak and look through material while a child sits close by.
2827,565,An Indian woman interacts with another Indian woman at their Sari stand in the marketplace.
2828,565,A very colorful picture of a foreign woman and her children.
2829,565,A group of women around a table to fabric.
2830,566,A woman in jeans and a hoodie on a subway sleeping while others ride along.
2831,566,A woman in a polka dotted jacket is asleep on a train full of people
2832,566,A woman on a subway is falling asleep.
2833,566,A woman is asleep in a subway car.
2834,566,A woman sleeping on the subway.
2835,567,A woman dressed in a purplish-blue scarf sits between another woman and child with some sort of circular tray or dish in her hand.
2836,567,"An older woman sits between another woman and child, while doing some type of craft work."
2837,567,A person wearing some sort of scarf on their head while sewing.
2838,567,A woman focused on a needle point project.
2839,567,The two women and the boy are sitting.
2840,568,A woman in a purple shirt is standing on a city street with her arms crossed.
2841,568,A woman is standing with her arms crossed and looking at something.
2842,568,"Profile picture of a pale woman with dark hair, arms crossed"
2843,568,Woman in purple shirt stares into the distance.
2844,568,The girl lonely with wearing bag
2845,569,Construction worker in the middle of doing his job working on a house.
2846,569,A shirtless construction worker smiles in a half-constructed house.
2847,569,Construction worker overseeing his work while coiling up cable.
2848,569,A man with no shirt stands holding wire in a half built house.
2849,569,Shirtless construction worker builds interior of home.
2850,570,A man wearing a hard hat is standing next to a flag on top of a metal structure.
2851,570,A construction workers standing on a beam beside and american flag.
2852,570,A worker peers out from atop a building under construction.
2853,570,Construction worker standing atop an unfinished building.
2854,570,A construction worker is standing on top of a structure.
2855,571,"An old woman sits on a red seat, crafting small wrapped items from fabrics in a blue tray."
2856,571,An old foreign woman laying on a red blanket while cutting a colorful decoration.
2857,571,"An elderly woman is working with felt, while sitting on a bright red blanket."
2858,571,Old woman in white cutting colorful craft like sheets.
2859,571,A woman cutting fabric flowers in a market.
2860,572,"A man wearing nothing but a cloth around his waist is standing, facing a crowd with a bright red substance on his back."
2861,572,A man in traditional garb is bleeding from cuts on his back.
2862,572,A man shows hi back that is covered in cuts and bleeding.
2863,572,We can see blood at the back of this man
2864,572,A man's cut and bloody back.
2865,573,A woman is looking at colorful item in an alleyway while some men are next to a cart and seeing what is available.
2866,573,"A woman in a green jacket stands by a wall full of artwork, in front of a store displaying clothing and shoes."
2867,573,A woman in white slacks waits in front of some paintings in an alleyway market.
2868,573,A group of people inspect wares at a makeshift market in an alley.
2869,573,A woman stands before some paintings at an outdoor sale.
2870,574,A girl in a pink robe is pulling a blanket from under a young boy who's lying on it.
2871,574,A little girl pulls on a blanket while a little boy lies on top of it.
2872,574,A baby laying on a gray blanket while a small girl stands over them.
2873,574,A little girl in pink dragging a little boy on a gray cover.
2874,574,Two children playing with an inflatable mattress.
2875,575,The man in the black suit is in the water on a white and red board with a sail.
2876,575,A man windsurfs with a group of other windsurfers.
2877,575,A man in black swimming gear parasails.
2878,575,The man is on a ski boat in the water.
2879,575,A man windsurfing
2880,576,A little girls stands on the sidewalk and blows bubbles.
2881,576,A little girl in a pink shirt is blowing bubbles.
2882,576,A beautiful girl are playing with bubbles
2883,576,A little Asian girl is blowing bubbles.
2884,576,An Asian child is blowing bubbles
2885,577,A person jumping in the air while holding onto a string attached to a large balloon as others watch.
2886,577,"A group of people filling up helium balloons, one of the people is trying to float away on one."
2887,577,A boy holding onto a balloon looks like he is about to get lifted up into the air.
2888,577,A man is jumping off the grass while holding onto a giant white balloon.
2889,577,The young man is going for a ride with the large helium filled balloon.
2890,578,A little girl in a striped pink shirt going down the slide.
2891,578,A girl in pink slides down the slide at a playground.
2892,578,A little girl in a pink having fun on the slides.
2893,578,A little girl laughing while going down a slide.
2894,578,A child is going down a slide.
2895,579,A man wearing a plaid shirt and brown apron is standing in front of an open fire.
2896,579,A man in jeans and a blue checked shirt heats metal using blacksmiths tools.
2897,579,"Older man, Blacksmithing in a small type, operation."
2898,579,A man prepares his stand up grill with a large flame.
2899,579,A man prepares a fire outside to do some metalwork.
2900,580,"A man in a white polo shirt speaks into a microphone with a sign behind him that reads, ""Truth!"""
2901,580,"A man singing into a microphone with a large ""Truth"" banner behind him."
2902,580,A man in a white shirt is making a speech into a microphone.
2903,580,A man in white shirt is making a speech.
2904,580,An asian man giving a speech.
2905,581,"A man is sitting on a chair with a jacket hung over the back, next to a tuba, with sheet music in front of him."
2906,581,"A man, dressed in black, sits in a chair with a brass tuba beside him."
2907,581,A man in black clothing looks at music with a tuba beside him.
2908,581,A man in a black shirt reading a paper.
2909,581,A man with a tuba and music stand.
2910,582,A man in an orange visor crossing the street with a ice cream vendor in the background and a woman about to cross the street as well.
2911,582,A man in a t-shirt crosses the street while a woman behind him begins to step off the curb.
2912,582,City street with ice cream vendor and some people walking a man riding a motorcycle.
2913,582,People walking down the street with a street vendor.
2914,582,People on a street going about their business.
2915,583,"A group of three men, all of whom are wearing blue jeans, are walking on a sidewalk."
2916,583,"Three men walk down a crowded street, two are wearing sunglasses."
2917,583,Three males are together with two of them wearing blue shirts.
2918,583,Three casually-dressed young men walk together.
2919,583,Three men walk together in a plaza.
2920,584,An Asian girl holds a bouquet to her face while standing in front of a row of yellow chairs.
2921,584,"A little girl is standing, and smelling a bouquet of flowers."
2922,584,A young girl standing in front of a row of yellow chairs.
2923,584,An asian girl holding flowers under Korean symbols.
2924,584,A child is holding flowers to her face.
2925,585,"A woman wearing a hat, boots and leopard striped pants is sitting on a bench next to her purse."
2926,585,A woman in a black beret and leopard print tights sits on a bench.
2927,585,A woman wearing a hat sitting on a bench on the sidewalk.
2928,585,"A stylish, blond young woman sitting on a bench."
2929,585,A woman in brown boots sits with her legs crossed.
2930,586,"Four men are sitting around a table, working on laptops, in a hip office environment."
2931,586,Four men in black shirts are sitting a meeting while using their MacBooks
2932,586,Four guys are sitting at a table using their laptops.
2933,586,4 men in an office working on their computers.
2934,586,Four men in dark shirts are on their laptops.
2935,587,A group of people pose in a celebratory way for a picture together.
2936,587,A team celebrating their victory in a team photo.
2937,587,People gather around a platform to celebrate.
2938,587,A group of people pose in front of a banner.
2939,587,A group wearing white pose for a picture.
2940,588,A man wearing an orange jacket and holding onto one handlebar of a bicycle points to a window in a building while a person behind him looks in that direction.
2941,588,A girl walking near a guy holding onto a bike pointing up at a building while on the street in some Asian country
2942,588,A man with a bike in one hand and using his other hand to point at a building.
2943,588,Someone with an orange jacket walking with a bike points to a building.
2944,588,Cyclist walking his bike while pointing at a house facade.
2945,589,The number ten player on the white softball team gets tagged at base by a girl on the other team.
2946,589,A baseball player in a black shirt just tagged a player in a white shirt.
2947,589,A woman in a baseball uniform tags another with her mitt.
2948,589,Two girls participate in a softball game.
2949,589,Two girls playing in a game of softball.
2950,590,A young man in white t-shirt is sitting on the floor of a living room full of luggage.
2951,590,"A young man sits on the floor in a room full of bags, suitcases and packages."
2952,590,A guy in a white shirt is sitting between a table and a full suitcase.
2953,590,White man sits on the floor among scattered clothing and bags.
2954,590,A man in his living room ponders packing for a trip.
2955,591,"Man in blue and gray sweater, blue jeans and blue shoes with blue socks, sitting on a white foldable chair, sleeping."
2956,591,A man is sleeping on a chair on the side of the street in front of a few books.
2957,591,A man sitting in a folding chair looks like he is sleeping.
2958,591,A man sitting on a chair next to books is sleeping.
2959,591,A man relaxing near a shelf of books.
2960,592,A gentleman in white with a shoulder bag and hands on his hips waiting next to a man in all black with his hands in his pockets.
2961,592,"Two men, one wearing black and one wearing white, are standing waiting for the train."
2962,592,A man wearing white is talking to a man wearing black while standing on a platform.
2963,592,These two men are waiting for the train to stop.
2964,592,Two man waiting at the subway for the train.
2965,593,Two dogs are fighting over a red Frisbee that is bent in half.
2966,593,A brown dog and a spotted dog squabble over a dog toy.
2967,593,Two dogs are fighting over a red Frisbee outside.
2968,593,Two younger dogs biting a Frisbee playfully.
2969,593,Two dogs play with a Frisbee.
2970,594,"A lady pushes a stroller, behind a child, riding a tricycle, while another child walks along side."
2971,594,An old man in a green shirt is walking down a paved path with three small children.
2972,594,A man and three kids walk up a paved hill.
2973,594,A Family going for a walk in a park.
2974,594,A family walks through a park.
2975,595,People waiting to enter a white building through an entry way with an orange handwritten sign to the left of it.
2976,595,"Three people enter a building with a handwritten sign that says ""Welcome Bikers."""
2977,595,"A line of people wait to enter a building with a sign posted ""Welcome Bikers."""
2978,595,"A group of people enter a doorway next to a red sign reading ""WELCOME Bikers""."
2979,595,A group of people entering a building.
2980,596,A small child climbing on an elevated net
2981,596,A blond child climbing across a net.
2982,596,A young child climbs on a rope net.
2983,596,A girls climbs on a jungle gym.
2984,596,A child is playing at a park.
2985,597,A small child in all pink playing with a water machine.
2986,597,A toddler is playing with a little red sprinkler.
2987,597,Young girl in pink plays with water fountain.
2988,597,Little girl playing in water sprayer.
2989,597,A girl playing with water.
2990,598,"An old man in a baseball hat and an old woman in a jean jacket are standing outside, but are covered mostly in shadow."
2991,598,A man wearing a gray ball cap walks next to a redheaded woman wearing a long-sleeved blue jean shirt.
2992,598,A man and woman standing under a covered patio with the sun beaming through the trellis slats.
2993,598,Older couple is covered in shadows by a bridge.
2994,598,Two elderly people in a dimly lit area.
2995,599,Two men in all black practice a fighting sport with sticks while a man in a blue shirt looks on.
2996,599,"Two men wearing black clothes practicing karate moves, and another man looking at them."
2997,599,Two men in black pants and black shirts practice martial arts on a green gym floor.
2998,599,Two men who are wearing black shirts and pants are holding wooden sticks.
2999,599,Two men dressed in black practicing martial arts on a gym floor.
3000,600,Two ladies are standing in a bedroom at night throwing brightly colored beads out of the window.
3001,600,A woman has an assortment of beads on her bed in front of an open window.
3002,600,A woman in a red top dropping Mardi Gras beads from her bedroom window.
3003,600,A woman in a red shirt is hanging her arm out of a window.
3004,600,A woman is throwing bead necklaces out the window.
3005,601,A four wheel drive car is driving through the mud.
3006,601,A monster truck gets stuck in a muddy hole.
3007,601,The truck appears to be stuck in the mud.
3008,601,An ATV attempts to get out of a ditch.
3009,601,A truck climbs a muddy hill.
3010,602,Construction workers in orange jumpsuits work in a street while a yellow shovel truck stands by.
3011,602,Construction workers in orange uniforms doing construction work on a street.
3012,602,Construction workers are busy working while people are walking by.
3013,602,A backhoe at a construction side in the middle of a busy city.
3014,602,A construction crew is working on a job.
3015,603,Five people are standing with three dogs in the green field beside the road.
3016,603,A group of people pose in a grassy field with their dogs.
3017,603,A group of people display ribbons won by their dogs.
3018,603,Five people stand in the grass with three dogs.
3019,603,Five women and three dogs posing for a picture.
3020,604,Two african toddlers dressed in pink are playing in a sparsely decorated kitchen.
3021,604,Two little girls wearing pink outfits dance together.
3022,604,Two very young girls in pink dance inside.
3023,604,Two girls in pink dresses dance and clap.
3024,604,Two little girls in pink are dancing.
3025,605,Two male toddlers in a twin baby carriage in front of a red firetruck numbered 535.
3026,605,"Two toddlers, in a stroller, are placed in front of a firetruck."
3027,605,Two babies are sitting in a stroller in front of a firetruck.
3028,605,Two kids are in a stroller in front of a fire engine.
3029,605,Two young children in front of a firetruck.
3030,606,The couple receives their meal from the male waiter while the girl sits alone.
3031,606,A restaurant's booths a brightly lit and surrounded by mirrors.
3032,606,People enjoying their meals at an expensive restaurant.
3033,606,Some customers are eating at a restaurant.
3034,606,Customers are sitting at a restaurant.
3035,607,A man and a woman wearing chef's uniforms having a conversation next to a park bench.
3036,607,Two chefs stand on a street next to a woman sitting on a bench.
3037,607,The man in white is talking to the women by the bench.
3038,607,A man in a chef hat is talking to a woman in a chef hat
3039,607,Two people dressed as cooks speak to each other.
3040,608,A woman in a white t-shirt and jeans standing on a Segway talking to two men
3041,608,A girl on a segue hands out a pamphlet to a person on the street.
3042,608,A woman standing on a motorized vehicle talking to two men.
3043,608,A man is speaking to a woman while she stands on a scooter.
3044,608,A woman on a Segway standing with some men in a crowd.
3045,609,A photographer carefully sets up his camera on a tripod and prepares to take the shot amidst the scenic background.
3046,609,A man in a blue shirt with gray hair is looking through a camera with mountains in the background.
3047,609,An elderly man looks through a camera on a tripod during a trip to the mountains.
3048,609,Tourists observe a geographic landmark through viewfinders.
3049,609,Man using camera outside.
3050,610,A young man in a small motor boat is emptying out a container of water into the lake.
3051,610,A boy in a blue boat tied to a larger boat dumps out a bucket of water.
3052,610,A young boy pours water from a container while standing on a boat.
3053,610,The child with the pitcher is draining the water out of the boat.
3054,610,A young male dumps the extra water out of his small motorboat.
3055,611,Shane Battier and Davonik Nastavowich communicate and try to crack a smile before the up coming game against their rivals Miami Heat in the 2011 NBA Championship Game.
3056,611,"Two basketball players in black and white outfits are standing on a basketball court, talking."
3057,611,Two Miami Heat basketball players are having a funny conversation.
3058,611,Two guys laughing on the sidelines of a basketball court.
3059,611,Two players pause to enjoy the moment.
3060,612,This is a gas station with a bright sign displaying the price of gasoline.
3061,612,"On a foggy night, a gas station displays the price of gas."
3062,612,A gas station that costs $ 2.52 and nine-tenths a gallon.
3063,612,A gas station name m&amp;h with gas the price of $ 2.52.
3064,612,A neon gas station sign at night.
3065,613,Two brown dogs are creating large splashes as they run in a river.
3066,613,Two brown dogs runs through the water.
3067,613,Two brown dogs running through water.
3068,613,Two dogs splash through the water.
3069,613,Two brown dogs in the water.
3070,614,A dog is shaking the water from its fur creating a spray and mist.
3071,614,A wet black dog shakes itself off.
3072,614,A black dog is shaking off water.
3073,614,A wet dog is shaking off water.
3074,614,A black dog shaking off water
3075,615,"Two men, one in plaid and the other in black, sitting on a plaid couch."
3076,615,A young man and an older man sit on a plaid loveseat.
3077,615,Two men are sitting on a couch talking.
3078,615,Two men sit on a couch and talk.
3079,615,Two people talking on a couch.
3080,616,"A cowboy with a black hat, blue vest and black pant riding a bucking bull with another man standing in the background for safety of the cowboy."
3081,616,"A cowboy in a blue vest is riding a brahma bull, a man in a multicolored shirt is standing in the background."
3082,616,"A true cowboy, this man holds on during an exciting rodeo moment."
3083,616,A cowboy with a black hat is riding a bull at the rodeo
3084,616,Cowboy riding a bull wearing a blue vest.
3085,617,Man standing at a counter in a convenience store with a woman on the other side of the counter wearing a white shirt looking at him very expectantly.
3086,617,A man in a striped t-shirt and khakis stands at the counter of a convenience store while the female attendant faces him.
3087,617,A man touches his back pocket as a blond woman behind the counter of a convenience store looks at him.
3088,617,A clerk in a convenience store asks a customer buying alcohol for his age and identification.
3089,617,A guy ready to make a purchase at a small shop.
3090,618,Five black children are posing for this picture on a dirt surface with a yellow bulldozer in the background.
3091,618,A group of young boys look at the camera while a bulldozer moves earth in the background.
3092,618,Several black children are gathered posing for the picture in a field.
3093,618,A group of children stand in front of a field of bare earth.
3094,618,A group of boys look at the camera for a picture.
3095,619,A man in a blue and fuchsia sweater holds his hands as if to catch something while standing in a crowd of people.
3096,619,A man raises his hands from within a crowd of people.
3097,619,A man in a crowd extends his hands emphatically
3098,619,A man in a crowd raises his arms pleadingly.
3099,619,A man in a crowd is expressing his opinion.
3100,620,"Two young men, one in a blue shirt and one in a black shirt, are dancing in front of a band and several elderly adults."
3101,620,Multiple musicians playing at a formal social gathering along with two dancers performing.
3102,620,A band playing in the background while a couple of men dance to the music in public.
3103,620,Three men are dancing while the band plays and others enjoy the entertainment.
3104,620,Two young guys dancing as a band plays music in the background.
3105,621,A man does a trick with his bicycle off the side of a wall.
3106,621,Man is performing a trick with a bicycle off a brick wall.
3107,621,The man rides his bicycle up the brick wall.
3108,621,A man jumps with his bike near a brick wall.
3109,621,"A bmx rider, wall rides."
3110,622,A dog with a stick in its mouth runs through the rocks in shallow water.
3111,622,A dog running with something in his mouth in shallow water.
3112,622,A soaking wet dog is splashing through the water.
3113,622,A brown dog retrieves a stick in a rocky river
3114,622,A dog running through a creek.
3115,623,A cowboy tries to adapt with society's desperate infantile need for technology.
3116,623,Three men and one woman sit at a table outdoors having drinks.
3117,623,A group of friends are deciding what they should eat today.
3118,623,Friends gather around a white computer.
3119,623,A group of people sitting outdoors.
3120,624,"A metal cart with a red awning is pedaled down a street, transporting a figure in blue clothes whose head is slumped against their chest."
3121,624,"There is a teenage boy sitting in what appears to be some kind of rickshaw, while the driver points to him from behind."
3122,624,A man wearing blue is being transported by a bicycle taxi.
3123,624,A man in a blue shirt getting carted around on a street.
3124,624,A young man riding in a pedicycle.
3125,625,A man with glasses wearing a tuxedo and corsage stands near a man in a suit at a formal event.
3126,625,A man in a tux and a man in a shirt and tie talk outside.
3127,625,Two men are having a discussion after a wedding.
3128,625,Two well-dressed men chat.
3129,625,A man on his wedding day.
3130,626,A woman with light brown hair applying makeup around the left eye of the black-haired woman.
3131,626,A woman in red-hair applies a bronze face paint design to another woman's left eye.
3132,626,Young lady paints another young ladies face outdoors.
3133,626,A woman getting her face painted by an artist.
3134,626,A woman putting makeup on another woman.
3135,627,Young ethnic children smile and pose for the camera and hold up peace signs.
3136,627,A group of children taking a group shot with a clear blue sky behind them.
3137,627,A group of 9 dark-haired children are standing in a field.
3138,627,Boys and girls from an Eastern nation smiling in a field.
3139,627,Group of young children posing for a picture in a field.
3140,628,"An apparently homeless black man with mismatched shoes, two pairs of pants, and a heavy jacket tries to warm his hands while sitting on a door step."
3141,628,A crackhead is pretending to keep his hands warm but actually he is smoking crack.
3142,628,An homeless man is rubbing his hands together trying to keep warm.
3143,628,A man with mismatched shoes sits in front of an entrance.
3144,628,He is smoking looking at the person.
3145,629,"An elderly bald man at a street corner plays a violin, apparently busking while sitting on a folding chair."
3146,629,An older man sitting on a stool on the sidewalk playing a violin.
3147,629,A man in a white shirt a dark tan pants plays a violin outside.
3148,629,An older man is playing a violin on the street.
3149,629,A man playing the violin in the street.
3150,630,A colorful truck unloads into a lake across from a tent camp.
3151,630,Three men stand on the bed of a truck in front of a lake.
3152,630,A truck is backed up to water with two men on the back.
3153,630,A truck on a mound of dirt is backed up to a lake.
3154,630,2 people putting something in the river.
3155,631,A man working on a little girl's purple tricycle.
3156,631,A man assembles a bicycle for a little girl.
3157,631,A man fixing a little girl's bicycle.
3158,631,A guy fixing a bike for a young girl.
3159,631,Dad is adjusting daughter's bike.
3160,632,Two white dogs with muzzles are jumping over a small barrier in a race
3161,632,Two small white dogs wearing muzzles jumping over a small item.
3162,632,Two white dogs wearing muzzles jump over a whiteboard.
3163,632,Two white dogs wearing muzzles play in the grass.
3164,632,Muzzled white dogs running.
3165,633,A blue boat with a yellow canopy is floating on calm waters.
3166,633,The boat is in the middle of the water.
3167,633,The solitude boat floats on the lake.
3168,633,A boat with a roof on green water.
3169,633,A boat in the water.
3170,634,A construction worker wearing an orange hat and gray sweater is standing on top of a building re-roofing it.
3171,634,A roofer in a gray sweatshirt and orange hat walks on a unfinished roof at a lake-side home.
3172,634,"A hard working man, working hard on a hot sunny day while fixing the roof."
3173,634,"This man is roofing a house, he is wearing a hat."
3174,634,Some guy laying blue tarp on a roof.
3175,635,"A crowd of pedestrians are seen in a fish-eye lens photo while walking on the sidewalk with various vehicles, mostly buses, are seen on the street."
3176,635,A couple holding hands walks past buses driving down a busy street as their shadows cast long on the sidewalk.
3177,635,A group of people walking up the sidewalk wear a green wall and traffic going by.
3178,635,Evening commuters walk past buses lining a city street.
3179,635,People walking down a busy city street.
3180,636,A white male is wearing jean coat and pant while welding without eye protection.
3181,636,A man is welding without the proper safety equipment on.
3182,636,Older man in full denim welds metal on workbench.
3183,636,A man in all blue making sparks.
3184,636,A man wearing denim is welding
3185,637,Two people are wading in the water as the sun cascades off of the water.
3186,637,"Two people stand elbow deep in the ocean, watching the sunset."
3187,637,Two boys stand in an ocean as the sun sets.
3188,637,Two people swim in the water at sunset.
3189,637,Two people in water.
3190,638,The dog is wading through shallow water while holding something in its mouth.
3191,638,A wet white dog is splashing in the water with a stick in its mouth.
3192,638,A white dog treads the water with sticks in its mouth.
3193,638,A white dog with red collar splashes in the water.
3194,638,A white dog is in the water.
3195,639,Woman in a hat outside a building on a stool with a canvas on her lap doing art.
3196,639,An older woman is sitting outside drawing with a brick building behind her.
3197,639,One lady wearing a hat sitting in front of her house drawing portrait
3198,639,"An old woman is sitting next to a brick building, painting."
3199,639,An older woman is drawing outside of an old school.
3200,640,A young man in a white t-shirt is looking at the photographer.
3201,640,Kid wearing white shirt and black hat posing for the camera.
3202,640,A teenager wearing a baseball cap and a white tee-shirt
3203,640,A teenage boy wearing a cap looks irritated
3204,640,A handsome Caucasian boy in a car.
3205,641,A male athlete wearing a white shirt and white pants is running past the crowd while holding a golden torch.
3206,641,A man wearing all white with gold stripes holding a golden torching waving at the crowd.
3207,641,"Guy in a white clothing, running down a busy street and carrying a gold torch."
3208,641,A man is cheered on as he carries the torch down a street.
3209,641,A boy carries the Olympic torch through a crowd.
3210,642,Promotion person talking to people waiting in line to get into a club.
3211,642,A crowd of people stand outside a building in the dark.
3212,642,A group of people are standing in front of a store.
3213,642,A gathering of people on the street at night.
3214,642,People standing in a line outside.
3215,643,A lady rides her pony in a victory lap after competing in an English riding competition.
3216,643,This woman is riding a beautiful and well groomed horse.
3217,643,A young lady equestrian riding a brown and white horse.
3218,643,A woman is riding a brown and white horse.
3219,643,A young girl rides horseback.
3220,644,"Am man riding a very tall bicycle down the street, past a large brick building."
3221,644,A young man rides a self built bicycle across the street.
3222,644,A man in a dark shirt and pants riding a tall bicycle.
3223,644,A man on a very tall bike rides across a crosswalk.
3224,644,A man riding a vary tall bike.
3225,645,"A older man and two boys (both wearing orange) are sitting, with feet dangling, over an alligator infested reservoir."
3226,645,Three people over a culvert looking into the water beside an alligator caution sign
3227,645,Three people sit looking over a drainage ditch next to a crocodile warning sign.
3228,645,Three people sitting in front of water next to an alligator warning sign.
3229,645,A man and two young children sit on a bridge over a canal.
3230,646,A young Asian woman wearing modern clothing leans against a cast iron fence in front of a brick building.
3231,646,Asian woman in black boots and tights with short dress leans again fence.
3232,646,A young stylishly dressed woman is standing on the sidewalk in a city.
3233,646,A woman with dark hair is standing in front of a black fence.
3234,646,A woman leaning on a gate looking in to the camera.
3235,647,"Many people of all races are gathered together surrounded by red, white, and black balloons."
3236,647,Two men having a conversation about the topic of crime expressing their views to each other.
3237,647,A small crowd cheers on runners during a race by clapping and cheering.
3238,647,A man with a tattoo and headphones in runs wast a series of spectators.
3239,647,Runner being cheered on by the crowd.
3240,648,"One woman is painting the face of another person, whom are both in colorful costumes."
3241,648,One woman painting the other one's face for a carnival.
3242,648,Two elaborately costumed people applying face paint.
3243,648,Two women in costume preparing each others makeup
3244,648,A woman getting her face painted for a parade.
3245,649,An elderly gentleman who is wearing a blue shirt is painting a picture of the mountains.
3246,649,An older man is painting a landscape picture that is on an easel outdoors.
3247,649,A man in a blue shirt is painting a tree outside.
3248,649,A gray-haired man painting a picture of a tree.
3249,649,An old man is painting a picture.
3250,650,A boy wearing a red shirt rides a skateboard up a ramp
3251,650,A boy on a skateboard is riding on a slope.
3252,650,A boy skateboards on a ramp.
3253,650,A boy on a skateboard ramp.
3254,650,A young boy skateboarding
3255,651,"While everyone is standing in a body of water outside, a young blond boy in red trunks is standing on the shoulders of two children while another child, a woman and a young man watch"
3256,651,A group of children standing in a lake in shoulder high water while one boy is balancing on the shoulders of two other boys.
3257,651,"Six boys and girls are playing in the water, one of the kids is being held up by his friends."
3258,651,A group of children in the water holding up a blond boy in red swim shorts.
3259,651,A lot of kids swimming in the river
3260,652,Four guys sitting around a table with two candles and glasses full of beer.
3261,652,A group of four men drink bear and chat at a food establishment.
3262,652,A group of four men are sitting at a table drinking beer.
3263,652,"These four Men are Relaxing, and having a few Drinks."
3264,652,A group of men drink at a bar and talk.
3265,653,Someone is holding up a green fish for display outdoors.
3266,653,The person in blue jeans holds a yellow fish.
3267,653,A man holds a large fish on a boat.
3268,653,A man holds a fish in both hands.
3269,653,A man holding a fish.
3270,654,A woman is adjusting a camera in a crowd of people with a young girl holding a scooter in front of her.
3271,654,A blond woman adjusts her tripod-mounted camera to photograph young people in a park.
3272,654,The young girl on the scooter is getting her picture taken by the photographer.
3273,654,A young woman takes pictures while a crowd lounges on a green lawn.
3274,654,A woman photographs a kid on a scooter in a park.
3275,655,Girl in red and black shirt sitting in front of a keyboard performing with other band members.
3276,655,Band practice in the basement with a woman playing the keyboard and a few men on guitar.
3277,655,A group of musicians setting up to record in a basement.
3278,655,A band is playing their music with their instruments.
3279,655,People standing by instruments.
3280,656,A man dressed up as a sailor holding tickets and posing on the sidewalk.
3281,656,A man holding two brochures is posing in a busy NY street.
3282,656,A performer standing on a platform in Times Square
3283,656,The man in the sailor suit is holding literature.
3284,656,A man is posing with his tickets to a show.
3285,657,People look at a storefront display of a human like figure as they pass by on the street.
3286,657,A young girl in red pants looks at a window mannequin as people walk past.
3287,657,A young child in red pants walks while three people look on.
3288,657,A group of walkers looking at a store display.
3289,657,A shop with people walking by.
3290,658,A man with a mustache wearing a black and red plaid shirt plays guitar.
3291,658,The gentleman wearing a black bandanna is playing a five-string bass.
3292,658,Two men are playing guitar and one man is singing in a club
3293,658,A man in a checkered shirt playing guitar.
3294,658,A band plays their music indoors.
3295,659,A group parades through the streets of a city holding flags and signs.
3296,659,There are many people attending a parade like activity on the street.
3297,659,A group of protesters are standing in a street holding signs.
3298,659,Protesters walking down the street holding Palestinian flags.
3299,659,A group of marchers walking down the street
3300,660,Two beautiful dances are performing with brilliant red costumes and props.
3301,660,Two women dressed in red gypsy clothing dance around in the dark.
3302,660,Two women are dancing in red and silver outfits with long veils.
3303,660,Two women are dancing in ethnic belly dancing costumes.
3304,660,Two women in exotic red costumes are dancing.
3305,661,Two workmen in jeans pave the floor at a transportation stop next to a barren hill.
3306,661,Construction workers tend to the floor of what appears to be a mass transit stop.
3307,661,Two construction workers smooth out concrete surface.
3308,661,Two men are working on a sidewalk.
3309,661,Two guys setting the cement.
3310,662,"A person wearing a blue jacket, blue jacket and black earmuffs is holding up a newspaper."
3311,662,"A woman with earmuffs holds a paper that says ""real change"" on the cover."
3312,662,"A woman in holding up a newspaper headline reading ""Real Change."""
3313,662,"A woman holds a newspaper that says ""Real change""."
3314,662,A woman holding a newspaper.
3315,663,These people look like they are playing some kind of game at the park.
3316,663,A couple plays frisbee in a green field with trees in the background
3317,663,A man in blue plays frisbee in a park with a lady.
3318,663,People enjoy the green park while playing Frisbee.
3319,663,Two people are playing frisbee in a park.
3320,664,Man driving a moped with a side care with a jeepney in the background.
3321,664,A young man drives a motorcycle taxi through the streets.
3322,664,A guy is driving a three wheeled motorcycle.
3323,664,A road scene with a van and a man driving.
3324,664,A bike taxi rides down the road.
3325,665,Man wearing gray jacket watching family at worship.
3326,665,Jewish rabbi and young boy reading in a church
3327,665,Jewish men and boys r sitting reading Torah.
3328,665,A religious gathering reading a book.
3329,665,Three people reading books.
3330,666,A shirtless man uses a long reaching tool to paint a ceiling white.
3331,666,A shirtless man painting the ceiling with a long paint roller.
3332,666,A shirtless man is using a roller to paint the ceiling white.
3333,666,A topless man applies paint to a ceiling with a roller.
3334,666,A shirtless man paints the ceiling.
3335,667,A person is doing a trick on a bicycle with grass and sky as the background.
3336,667,A person stunt riding on a BMX type of bicycle.
3337,667,A man in beige pants does a trick on a bicycle.
3338,667,This person is doing a trick on his bicycle.
3339,667,A person on a bmx bike.
3340,668,"An old woman with a cart, looking at china, there are many objects on display on the street."
3341,668,A woman in a gray shirt and blue jean shorts is looking at dishes.
3342,668,An older woman stacks plates to place in her cart.
3343,668,An older woman sets out a bowl on the ground.
3344,668,A lady kneeling to look at a bowl.
3345,669,A older man is presenting a plate of three octopus on a colorful plate.
3346,669,An elderly man is presenting a plate of squid for the photographer.
3347,669,Man holds up seafood platter and smiles.
3348,669,A man holding a plate with squid on it.
3349,669,A man is holding a dish of squid.
3350,670,A little girl in a white dress sits in an open doorway holding a bouquet of flowers.
3351,670,Little girl in her bridesmaid dress sitting down with the bouquet.
3352,670,"A girl dressed in white, sitting down, holding flowers."
3353,670,A flower girl is posing for a photograph.
3354,670,A flower girl is posing in a doorway.
3355,671,"Two men, one standing and one seated on the ground are attempting to wrangle a bull as dust from the action is being kicked up."
3356,671,Two men and a bull are in a fenced area with dirt on the ground and a rope laying between the bull and men.
3357,671,One man is trailing behind a black bull while the other stands nearby watching.
3358,671,The rowdy bull spits as the men attempt to lasso it.
3359,671,Two guys are trying to control an animal.
3360,672,A young boy in a blue shirt pours sand from one container to another.
3361,672,A little boy pours sand from a shovel into a pail.
3362,672,A young child in a blue shirt is playing with sand
3363,672,A boy plays with sand near green grass.
3364,672,A young boy shovels sand into a mold.
3365,673,A woman in yellow stockings is eating a snack while sitting in front of a building.
3366,673,A tired woman in a dress and tights sitting down and eating a snack.
3367,673,A blond woman sitting with her legs crossed with her eyes closed.
3368,673,A blond woman sits next to a pool of water with her eyes closed.
3369,673,A woman eating chocolate just closes her eyes.
3370,674,A young newlywed couple cuts their wedding cake that their reception.
3371,674,A bride and groom cut a three-tiered cake in a dark room.
3372,674,A bride and groom cutting the cake at their wedding.
3373,674,A bride &amp; groom cutting their wedding cake.
3374,674,A couple cuts a wedding cake.
3375,675,An dark-haired woman in a blue and white jacket is lighting some electric candles in a room with beige walls.
3376,675,A girl in a Puma track jacket is holding a lit cylinder.
3377,675,A lady is standing up holing a lamp that is turned on.
3378,675,A girl standing in the dark lighting something.
3379,675,A woman holding a candle with a blue shirt on.
3380,676,A little white dog jumping on the ground.
3381,676,A white dog is jumping on the street.
3382,676,A small dog jumping on a street.
3383,676,The dog is jumping in the air.
3384,676,A dog leaps down the road.
3385,677,A gray silky dog is laying in the grass while a brown dog looks on.
3386,677,A brown dog walks towards another animal hiding in the grass.
3387,677,A standing brown dog watches another dog lay in the grass
3388,677,The brown dog sees a black dog laying in the dry grass.
3389,677,A dog walks in the grass towards a dog lying down.
3390,678,"A man with gray hair combed back, a blue plaid shirt and jeans, is smoking a cigarette."
3391,678,A man in a plaid shirt is smoking a cigarette on a city street.
3392,678,A man with gray hair and a plaid shirt is smoking a cigarette.
3393,678,"A older man walking by a restaurant, smoking a cigarette."
3394,678,A man on a cellphone stands in front of a restaurant.
3395,679,A man wearing black and yellow shorts is standing on a wooden pole with his arms outstretched and his shirt pulled over his face.
3396,679,A man with his shirt over his head is standing on top of a beam with his arms pointed towards the sky.
3397,679,A man standing on a post with his arms outstretched and his shirt over his head.
3398,679,A man with his shirt pulled over his head is standing on a pole.
3399,679,A man with a shirt over his face balances on a pole.
3400,680,A man with a striped shirt that has a white bag over his shoulder is standing at a station with speakers about a TV screen and controls under the TV screen.
3401,680,"A brunette, caucasian man stands in a long-sleeved shirt with his cuffs rolled up using a sizable music mixing machine by DX."
3402,680,"A man in striped shirt standing in front of, and working on, audio equipment."
3403,680,A young man playing with a public gaming console.
3404,680,A man is playing a DJ game in an arcade.
3405,681,"A man, wearing a blue sweater and gray coat, lifts the top off one of a row of cooking platters outside a shop."
3406,681,A passer by checking out what is under the covers of the cookers on the table.
3407,681,Middle Eastern street vendor checking the cooked food on his cart.
3408,681,A Middle Eastern street merchant displays his food for sale.
3409,681,A man lifts the lid off steam cooked food outside.
3410,682,"A skier being helped onto a red stretcher by three men, while two other men and a woman prepare to help."
3411,682,"Six rescuers cooperate to place an injured man on a transport device in snowy, mountainous terrain."
3412,682,People dressed in red and blue placing a man into an orange cloth on a snow covered mountain.
3413,682,"Rescue workers helping a person into a carry device, in a snowy area."
3414,682,Someone is being rescued in the snowstorm.
3415,683,"A black-haired man is sitting on a bench on grass, and near cement and wood blocks."
3416,683,A man sits on a bench in a yard filled with stacks of wood and bags of concrete.
3417,683,A man is sitting at a picnic table while looking at a construction project.
3418,683,A man sitting on a bench taking a break from construction work.
3419,683,A man sitting in a backyard with wood and a pallet.
3420,684,A person in a blue hat chops wood on a cold snowy ground.
3421,684,A guy cuts wood in little pieces in the snow.
3422,684,This person is chopping wood in the winter.
3423,684,A person chopping wood in the winter.
3424,684,A woman chops wood with an ax.
3425,685,"A middle-aged man, wearing shorts and a t-shirt, cooks hamburgers and hotdogs on a stainless steel outdoor barbecue grill."
3426,685,"An older gentleman, wearing a t-shirt and shorts, is flipping burgers on a large stainless steel gas grill."
3427,685,A man is barbecuing hotdogs and hamburger patties on a large grill.
3428,685,A guy in a white t-shirt is cooking hotdogs and burgers on a grill.
3429,685,An old man is grilling hotdogs and burgers outside.
3430,686,"A young girl is hopping from one square stone to another, along a path."
3431,686,A little girl is playing by jumping from one stepping stone to another.
3432,686,A woman playing hopscotch with a set of concrete inside the grass.
3433,686,A young girl is hoping from stone to stone in her bare feet.
3434,686,The girl is hopping on each squares on the grass.
3435,687,A soccer goalie in red and green attempts to move the ball out of range of a player in red as the goalie has possession of it in his hands.
3436,687,"4 men, 3 of which are playing soccer, all three of them wearing uniforms with red on them, the fourth man is onlooking."
3437,687,"A male goalie wearing green and red holds a soccer ball, beside him are two other soccer players wearing red jerseys."
3438,687,"During a men's soccer game, one player is running while carrying the ball."
3439,687,The goalie is fleeing the defender to try to get the ball to a teammate.
3440,688,A happy young girl in pigtails watching something.
3441,688,A child with her hair tied is smiling.
3442,688,A girl with pigtails is laughing.
3443,688,A girl with pigtails is smiling.
3444,688,A child is laughing and smiling.
3445,689,"During a race, a young woman with red shorts is running in front of two other people."
3446,689,Three women are running with numbers on their chest.
3447,689,3 ladies with numbers on their shirts running.
3448,689,Three girls run a race in the mud.
3449,689,Three runners run down a hill.
3450,690,"A man holds a banner with ""Age Demands Action"" while a large group holds banners behind him a person in a backpack takes a photo."
3451,690,Protesters protesting age discrimination on the main streets after refusing a word from their employer
3452,690,People protesting age discrimination in an organized street rally.
3453,690,Older man in red hat holds up a sign during protest
3454,690,People holding a demonstration outside.
3455,691,"Vendors are selling their goods, in an outdoor food market, while shoppers make purchases."
3456,691,People are shopping for fruits and groceries in an outdoor grocery store and fruit stand.
3457,691,A man in a blue shirt buying an item from a woman in a white shirt at a farmers market.
3458,691,A street with many vendors selling products including melon.
3459,691,People shopping in tent covered market.
3460,692,Two girls are sitting at a table with a green marker standing up right on the table between them.
3461,692,Two girls sit at a table with a green marker standing on its end.
3462,692,A woman sitting down on a class smiling at the camera
3463,692,Two Asian girls sitting at a table smiling.
3464,692,Two girls sitting in class.
3465,693,A man in worn and ragged clothes carries a satchel while passin a tree and trashcan.
3466,693,The old man has a long white beard and a yellow and black hat.
3467,693,The old man with the white beard is walking down the street.
3468,693,A homeless man is walking down the sidewalk alone.
3469,693,One old homeless guy walks by the park.
3470,694,A young woman dressed in black attaches bags full of flowers to a bicycle.
3471,694,A lady wearing a black jacket is loading bags up with flowers on a bike.
3472,694,A woman with brown bag attaches a pink and yellow bouquet to her bike.
3473,694,Someone loading bunches of flowers onto their bicycle.
3474,694,A woman with flowers locking up her bike.
3475,695,An older man in a white sure is playing a guitar while others play different instruments.
3476,695,Man in white t-shirt and white beard plays electric guitar with a fiddler in a band.
3477,695,Elderly bald man with a beard playing the guitar in a band.
3478,695,An older man plying a guitar in a band.
3479,695,An elderly man playing guitar on stage.
3480,696,A small child uses a grinding machine while wearing safety glasses.
3481,696,A child sands the side of a block using a power tool.
3482,696,Young child using a wood machine.
3483,696,Child using a wood shop machine.
3484,696,A kid sands a piece of wood.
3485,697,Two guys are playing their musical instruments as they sit on a small ledge on a sidewalk near a building with a painting of a large sleeveless guy with his arms akimbo.
3486,697,A pair of men sit outside while one plays the accordion and the other plays a wind instrument.
3487,697,Two men are playing music together with a clarinet and an accordion.
3488,697,Two men are playing instruments in the street.
3489,697,Two old men playing instruments on the street.
3490,698,Two people in red traditional Chinese garb are performing with sticks
3491,698,Two men in red robes performing martial arts.
3492,698,Two men in magenta costumes performing.
3493,698,Two people dressed in pink.
3494,698,Two men in red fight.
3495,699,"A boy in a white soccer uniform prepares to kick a soccer ball, while a crowd of older players clad in blue uniforms watches in the background."
3496,699,"A boys soccer game is taking place, and one boy in a white jersey is kicking the ball."
3497,699,"An intense soccer game, with a boy about to kick the ball."
3498,699,A group of guys that are playing soccer on a soccer field.
3499,699,A group of young boys are playing soccer.
3500,700,An Indian boy looks at a black cow whilst a woman in a blue and green sari looks away.
3501,700,Two women in colorful clothes sit on the ground near their cow.
3502,700,Two East Asian women sitting outdoors behind a cow-like animal
3503,700,"Two women in India, sitting near an ox."
3504,700,Two people and a leashed cow at a home.
3505,701,A man wearing a blue sweatshirt and a white hard hat is working on a construction project.
3506,701,A construction worker inspecting part of a wooden structure.
3507,701,A young man wearing a sweatshirt is working construction.
3508,701,Man in blue sweater measuring curved board.
3509,701,A construction worker hard at work.
3510,702,A man wearing a white helmet is abseiling down a sandy colored rock face.
3511,702,A man dressed in all black is climbing down a mountain supported by cords
3512,702,A rock climber with a white helmet is repelling.
3513,702,A man is climbing the side of a cliff.
3514,702,A man does technical rock climbing.
3515,703,The rottweiller is laying with its head and paws on the first step of the green carpeted stair.
3516,703,A black dog stretches his back on the first step of a staircase.
3517,703,A black dog looks up with his head on a blue carpeted step.
3518,703,A black and brown dog rests head on lower steps of stairs.
3519,703,A black and brown dog rests on a blue couch.
3520,704,A woman with a baby stroller selects a small beach ball from a rack outside of a store.
3521,704,A woman with a child in a stroller looks at beach ball toys at an outdoor pavilion.
3522,704,A woman with a stroller shops for colorful balls on a busy sidewalk.
3523,704,People standing and walking around in front of a shopping area.
3524,704,Weekend sidewalk bazaar shoppers in Iceland.
3525,705,Young woman is putting her clothes in the dryer portion of a double stacked washer and dryer unit.
3526,705,A woman in black is pulling black clothes out of the dryer.
3527,705,That lady is pointing at her clothes in the dryer.
3528,705,A woman is putting her dark clothes in the dryer.
3529,705,A woman removing clothes from a dryer.
3530,706,A baby wearing a pink outfit with flowers on it has its mouth open.
3531,706,A small baby is crying with eyes closed and fists clenched.
3532,706,An baby girl in a floral pink outfit cries.
3533,706,A baby is girl in a pink outfit is crying.
3534,706,A baby laying on it's back crying.
3535,707,A rock climber wearing a Santa suit is hanging from a strand of Christmas lights.
3536,707,A man dressed in a Santa suit is climbing up a large concrete building.
3537,707,Santa Claus climbing a rock strung with Christmas lights.
3538,707,Someone dressed like Santa Claus is climbing a rock wall.
3539,707,A man in a red suit climbs a rock wall.
3540,708,"On wooden steps leading to a porch, a blond woman in denim shorts sits next to another person whose face is obscured by a baseball cap."
3541,708,Two girls in shorts and T-shirts are laughing while sitting on wooden steps.
3542,708,The friends are sitting on the steps and chatting about their friends.
3543,708,Two women in shorts sitting on the steps of an apartment or house.
3544,708,"Two girls are sitting on the steps, and one girl is laughing."
3545,709,A man in a blue shirt is walking and there is a blue bucket that can be seen.
3546,709,"This man is wearing a shirt that says ""coolest dad in the world""."
3547,709,A man walks along wearing a 'coolest dad' T-shirt.
3548,709,A man stands in field next to a blue bucket.
3549,709,A guy in a blue t-shirt is in the park.
3550,710,"A female in an orange tank top, sunglasses, and brown knit cap is hula hooping."
3551,710,A woman in an orange shirt and blue jeans is playing with a hula hoop.
3552,710,A female in an orange tank top and sunglasses using a hula hoop.
3553,710,A girl wearing sunglasses and an orange tank top hula hoops.
3554,710,A woman with large sunglasses happens to be hula hooping.
3555,711,A couple holding hands and a woman standing beside them pose on a tree lined dirt road.
3556,711,A couple holding hands and another woman are walking down a wooded trail.
3557,711,Three people stand on a path through the woods.
3558,711,Two women and a man posing on a rural path
3559,711,Three friends on a stroll in the forest.
3560,712,"A man wearing a purple cap, yellow snow goggles, a periwinkle jacket and red backpack moves quickly through powdery snow near a winter tree."
3561,712,A person wearing a purple helmet is snowboarding down a hillside.
3562,712,A snowboarder kicking up snow under a tree on a mountain.
3563,712,An individual is skiing or snowboarding
3564,712,A skier skiing after a snowstorm.
3565,713,"A man walking up uneven, rocky, steps carrying a backpack loaded with vegetation."
3566,713,"A young man carrying foliage on his back, climbing stone steps."
3567,713,A person holds a bunch of brush while walking down a stone path.
3568,713,A person carrying leaves and grass is walking down a path.
3569,713,A guy holds a bunch of grass.
3570,714,A group of people sit near a large red brick building in the grass.
3571,714,A red building with people sitting outside on the lawn in front.
3572,714,It looks like a school with children sitting outside of it.
3573,714,Some students sit outside school buildings in the grass.
3574,714,People sitting in a circle outside a large building.
3575,715,Four young men and three young women playing a card game at a table.
3576,715,Seven people sitting around a black table playing a card game.
3577,715,A gathering of people sit around a table and play cards.
3578,715,A group of people at dining table playing a card game.
3579,715,Several young people sit at a table playing poker.
3580,716,A woman standing in front of a fence by a large body of water wearing a white top and jeans with a plaid bunny purse on her shoulder.
3581,716,A young female standing on the deck of a boat starring at her cellphone while riding on the water.
3582,716,Young lady on a ferry takes a photo of the water with her phone.
3583,716,A lady riding a boat looking out at the water.
3584,716,A young woman enjoying the day.
3585,717,"Six women dressed in purple, blue, green, orange, and red, are waving to the crowd along the parade route."
3586,717,"Colorfully dressed people walk down the center of the road, with onlookers behind a barricade."
3587,717,"Six people in bright mono-color costumes, each a different color, are walking down a street."
3588,717,"People are dressed in purple, blue, green, yellow, orange and red costumes for a parade."
3589,717,Six people walking in a parade wearing brightly colored outfits.
3590,718,A woman with dark hair and a white shirt is taking a picture of an object at close range.
3591,718,A photographer taking a closeup photo of a glass perfume jar.
3592,718,A woman taking picture of her pet in her home.
3593,718,A woman taking a photo of an object on a bed.
3594,718,The lady is taking a closeup picture.
3595,719,"Several children are standing with plates full of food under a shelter, watching a man in a purple shirt serving good."
3596,719,A man in a purple shirt is serving food to multiple girls at a picnic table.
3597,719,A man and a group of children are getting plates of food.
3598,719,Little girls having a birthday party chaperoned by a man.
3599,719,A man serving a group of young girls food.
3600,720,A golden retriever has on a collar and a harness and has a muddy lower body.
3601,720,A dog with mud stuck on his underside is running on grass.
3602,720,A white dog that is muddy walks across the green grass.
3603,720,A muddy dog prances through the grass.
3604,720,A muddy golden dog running in grass
3605,721,Two young women wearing bathing suit tops and shorts walk next to each other while a man wearing a green T-shirt and red patterned shorts stands behind them.
3606,721,Two women in bikini tops and shorts are walking by a lake with two men.
3607,721,Women in black and brown bikinis and shorts walking outside.
3608,721,A group of young people are enjoying a walk in the sun.
3609,721,Two girls dressed in bikinis walk outside.
3610,722,A person in a blue shirt is on the tiled ground showing his paintings and reaching into a box of supplies.
3611,722,A street spray paint artist is creating new work while showing his art.
3612,722,A street artist is displaying his pictures on the pavement.
3613,722,There is a person kneeling on the ground.
3614,722,An artist painting on the sidewalk.
3615,723,An Asian teenager in a red jacket has his thumb up and his tongue sticking out.
3616,723,Man in red jacket giving a thumbs-up with one hand a holding ticket in other.
3617,723,An Asian guy giving thumbs up with his eyes closed and tongue out.
3618,723,A man in a red jacket is holding a piece of paper while posing.
3619,723,Asian man giving thumbs up on street.
3620,724,"A small band playing at a cafe, consisting of a female singer wearing a pink scarf, a cellist, and a guitar player who is sitting by a piano in the corner."
3621,724,"A woman in pink adjusts a microphone, while the two men strum their instruments."
3622,724,Two men play a cello and a guitar as a woman sings at the Lettere Caffe.
3623,724,Two men and one woman are performing music on a stage.
3624,724,Three musicians perform in a cafe.
3625,725,A boy in blue and white on rollerskates holds hockey stick with a black ball at the end of it.
3626,725,A young field hockey player wearing a blue jersey takes possession of the ball.
3627,725,A teenage boy wearing a blue and white uniform playing a form of Hockey.
3628,725,A young white boy in a uniform is playing roller hockey.
3629,725,A kid is playing floor hockey and has an audience.
3630,726,Lady standing in front of store window in a blue dress talking on a cellphone with people walking down the street.
3631,726,A woman in blue is looking into the shop window looking at her reflection while she is fixing her earring.
3632,726,A blond woman in a blue jacket is talking on her cellphone in front of a building.
3633,726,Woman in long blue jacket talks on cellphone in front of large window.
3634,726,"A girl fixes her earring on the side of a busy, wide sidewalk."
3635,727,A platinum blond young woman wearing heavy makeup is carrying a pink clutch and talking on her mobile phone.
3636,727,A blond girl walking and talking on a cellphone while clutching a pink wallet.
3637,727,A blond woman on her cellphone clutching her wallet.
3638,727,A hot girl talking to her friends while walking.
3639,727,The blond woman is talking on her cellphone.
3640,728,An Indian woman is washing and cleaning dirty laundry at a lake and in the background is a kid who appears to have jumped into the lake.
3641,728,An Indian woman stands knee deep in a body of water washing her clothes.
3642,728,An Indian woman doing laundry in a river.
3643,728,A woman is washing clothes in the water.
3644,728,Indian women wash laundry in river.
3645,729,A view into a window of a seated person reading a newspaper and an old-timey black car.
3646,729,A man is sitting reading a newspaper in a room with a classic blue car.
3647,729,A man reading a newspaper inside a building with a black car.
3648,729,A man is reading a newspaper in a car dealership.
3649,729,A Man reading a newspaper next to a car.
3650,730,A woman with long hair leaps on a beach with the Golden Gate Bridge in the background.
3651,730,A young woman vibrantly frolicking on the coast in San Francisco.
3652,730,Girl jumping on the beach near the Golden Gate bridge.
3653,730,"A woman leaping, happily on a beach near a bridge."
3654,730,A woman in black jumps in the air at the beach.
3655,731,A little boy sitting on a toilet with his head resting on his hands.
3656,731,A little boy is sitting on a blue toilet with his pants pulled down.
3657,731,A young boy sitting on a blue toilet.
3658,731,A little boy using a blue toilet.
3659,731,A child is using the bathroom.
3660,732,A white and brown dog is running up a grassy hill.
3661,732,A brown and white dog is running up a grassy hill.
3662,732,A dog is running up a grassy hill.
3663,732,A dog on a grassy hill.
3664,732,A dog running uphill
3665,733,A man in a white shirt with hot pads on is holding a tray with a variety of breads with a wooden fence behind him.
3666,733,"A young guy, probably in his early twenties, shows off his culinary skills with pride."
3667,733,A blond man shows off his freshly baked bread with a wide smile.
3668,733,A teenage boy stands in a backyard holding a tray of bread.
3669,733,A man shows what he has baked.
3670,734,A person in a red shirt and a person in a white shirt and tan vest are sitting facing a lake of water.
3671,734,Two young boys sitting on stumps next to a creek on a sunny day.
3672,734,Two people sitting on a tree stump in front of a pond.
3673,734,Two people sitting on a tree stump next to a stream.
3674,734,Two people enjoy the tranquility on a riverbank.
3675,735,Three people are looking out into the water through telescopes near a brick building and over a green rail.
3676,735,The people are on the beach viewing the beauty of the ocean using a telescope.
3677,735,"A man, a woman, and a kid looking through a telescope on the shore."
3678,735,Three kids are observing a lake at a campus on a cloudy day.
3679,735,Young adults looking out over the water with telescopes.
3680,736,"A person in a red shirt bicycles down a city street, over a bridge."
3681,736,A black female bike rider is crossing a bridge using the bike lane.
3682,736,A young boy rides his bike along a bridge within a city.
3683,736,A teenager in a red shirt is riding a bicycle.
3684,736,A person is riding a bicycle down the street.
3685,737,A soccer player who has just attempted a goal kick is burying his face in the field in frustration as the ball sits by the goal post and the goal keeper looks out towards the crowd and the rest of the field.
3686,737,"As a goalie in a yellow jersey looks up in the distance, a player from the opposing team in a green jersey on his hands and knees has his face in the grass."
3687,737,A man with his face on the ground in front of a goal post on a soccer field.
3688,737,"Two men playing soccer, and one man just missed the goal."
3689,737,Two guys from opposing soccer teams after a penalty kick.
3690,738,Two football teams are in the middle of a play as white jerseys and the opposing green jerseys are in all positions of motion while scrambling for the football.
3691,738,The San Francisco 49ers running back is tacked by the New York Jets defense.
3692,738,Two football teams are playing on a football field with the NFL logo.
3693,738,Two football teams engaged in competitive action against each other.
3694,738,Football players struggle to get plays through a tough line.
3695,739,Two dogs are running around a dog track wearing muzzles.
3696,739,Two muzzled greyhounds are running on a track.
3697,739,Two greyhounds are competing in a race.
3698,739,Two greyhounds race around a track.
3699,739,Two dogs race on a track.
3700,740,Two men wearing bright green shirts are looking for something by a bush.
3701,740,Two men in baseball hats and bright yellow shirts work behind a fence.
3702,740,Men wearing lime green shirts work behind a chain link fence.
3703,740,Two workers in neon green shirts opening a utility box.
3704,740,Two people doing yard work.
3705,741,A couple sits in an antique automobile in a populated building.
3706,741,Some people are in a nice car parked in front of a green wall.
3707,741,A red vintage automobile parks in front of the Karlova 25.
3708,741,A man and woman are riding in a red car.
3709,741,A classic car on a brick road.
3710,742,A surfer wearing a black wetsuit is riding a white wave in the ocean.
3711,742,A man in a black suit is surfing along a crashing wave.
3712,742,Man in a wetsuit catching a wave on a surfboard.
3713,742,A surfer is riding on a breaking wave.
3714,742,A surfer rides a medium sized wave.
3715,743,An elementary school age boy with a bowl haircut playing with pokemon cards while wearing red penguin footie pajamas.
3716,743,A boy playing Pokemon while dressed in red pajamas decorated with penguins and snowflakes.
3717,743,Boy in red pajamas with penguins and snowflakes on them playing a Pokemon card game.
3718,743,"There is a little boy, playing with Pokemon cards."
3719,743,Boy playing the pokemon card game in his pajamas.
3720,744,"Children are climbing and digging in the sand at a makeshift playground, which features a structure made from tires."
3721,744,A little boy climbs on a stack of tractor tires at a playground.
3722,744,A little boy climbs a tire structure on a playground.
3723,744,Kids playing at a playground on a stack of tires
3724,744,A small boy is sitting on a stack of tires.
3725,745,A man drives an ATV down a dirt road with a power line behind him.
3726,745,The man rides his quad through a rural area followed by his dog.
3727,745,A man wearing a white hat is on a red ATV driving on the dirt.
3728,745,"Man riding four-wheel, off-road vehicle in rural area."
3729,745,A man is driving a red ATV up a rugged hill.
3730,746,"A man is preparing fish in an indoor market in Asia under lights and plastic bags, and is surrounded by other people and food vendors."
3731,746,Many people seem to be selling and buying fish in a fish market.
3732,746,A man in blue coveralls working at a fish market.
3733,746,A shirt booth with a man printing a shirt.
3734,746,A butcher is working at a market.
3735,747,"Two people, a woman wearing an orange shirt and a man wearing a blue shirt, are jumping out of swings in midair."
3736,747,Two adults swing high toward the camera at a playground park.
3737,747,Two young boys are having fun and jumping from a swing set.
3738,747,Two adults are playing on a children's swing set.
3739,747,Two adults swinging joyfully on the swings.
3740,748,Such a beautiful day for a solitary snorkeling expedition.
3741,748,A man diving with a snorkeling mask in his hand.
3742,748,A snorkeler takes a dive into the sea.
3743,748,One person is diving into the water.
3744,748,Man jumping off a rock into water.
3745,749,"There are rows upon rows of seats and benches filled with people, four giant chandeliers and four equally sized pillars dominate the room."
3746,749,People are sitting in a balcony overlooking a large room below that has four chandeliers.
3747,749,"The people with programs are seated in a very large, elegant room."
3748,749,A large group of people with pamphlets sitting in a auditorium.
3749,749,A bald man is looking at a woman.
3750,750,A barefoot child wearing a blue shirt and a child wearing sandals with a red shirt both attempting to grab a soccer ball falling from the air.
3751,750,Two smaller children playing with a soccer ball with a rocky background.
3752,750,Two African boys reach out for a soccer ball while playing outside.
3753,750,Two children are both reaching for a soccer ball.
3754,750,Two boys are playing with a damaged soccer ball.
3755,751,A woman in a yellow hat and yellow shirt holding her hand out like a claw.
3756,751,A woman wearing glasses and a yellow shirt is holding her hand out.
3757,751,Woman with a yellow hat and yellow shirt speaking.
3758,751,A woman in a yellow hat is talking.
3759,751,Woman speaking in a kitchen.
3760,752,A man sitting in a green chair and a girl wearing a pink and purple dress giving a peace sign.
3761,752,"A man with glasses and a young girl smiling for the camera, the girl gives a peace sign."
3762,752,A man sitting in a green chair and a little girl in a purple and pink dress.
3763,752,A man and a young girl relax outside and smile at the camera.
3764,752,A man and a young girl in a flowered dress are on the porch.
3765,753,A pole vaulter in a blue and red uniform has just gone over the bar but has not yet let go of the pole.
3766,753,"A young man attempts to pole vault over a bar, barely inches away from it mid flight."
3767,753,A man wearing blue and red sports attire is pole vaulting.
3768,753,A guy is jumping over a bar with a pole in his hand.
3769,753,A boy with black hair is pole vaulting.
3770,754,A woman wearing a pink shirt and a blue helmet is rock climbing.
3771,754,A person in a pink shirt and a blue helmet climbing a rock wall.
3772,754,Someone with a pink shirt and blue helmet climbing a rock wall.
3773,754,A young woman with a blue helmet climbing up a rock.
3774,754,A woman rock climbing on a sunny day.
3775,755,A brown dog is splashing water everywhere by shaking the water off of itself.
3776,755,A white dog is standing by a river shaking himself dry.
3777,755,A big dog shakes itself dry while standing in a creek.
3778,755,A blond dog shakes water off next to a lake.
3779,755,A tan dog is shaking water off its fur.
3780,756,Three dogs in different shades of brown and white biting and licking each other.
3781,756,"Two dogs playfully bite a third dog, which has its tongue sticking out."
3782,756,Three small puppies bite and play together in the grass.
3783,756,Two dogs biting another dog in a field.
3784,756,Three dogs affectionately playing
3785,757,One lady in a purple shirt is handing another lady in a purple shirt a shovel.
3786,757,Two women in light blue shirts place a stone tile in a garden.
3787,757,Two women in blue shirts laying down concrete tile outside.
3788,757,"A man and a woman, both dressed in blue, are laying tile."
3789,757,A man and a woman laying tile to build a walkway.
3790,758,"Man in a small boat, with a white turban around his head, transporting shrubbery."
3791,758,A turbaned man in a canoe filled with something green floating in water.
3792,758,A man rows a small dingy laden with green plants on a river.
3793,758,This old lady is rowing her crops to the city market.
3794,758,Man is paddling in a boat filled with plants.
3795,759,A man wearing a business suit and a newsie cap clicks his heels in excitement.
3796,759,"A young, well dressed man, kicks his heels in joy after receiving good news."
3797,759,A man in a suit is jumping and clicking his heels together.
3798,759,A man wearing a suit and tie kicking his heels together.
3799,759,"Young man in suit, jumping in air and clicking heels."
3800,760,A man in a coat and coveralls is tying a rope that has been thrown over the side of a boat.
3801,760,A man wearing yellow overalls and a baseball cap holds a rope while out to sea on a boat.
3802,760,A worker on a ship is looking off into the sea while tying a knot in a rope.
3803,760,A man watches the waves from the ship deck as he ties a rope.
3804,760,A man in yellow rain gear on a boat
3805,761,Two warmly clothed people are walking by a very old wooden church.
3806,761,Two people are near a wooden building wearing backpacks.
3807,761,Two people are walking towards a wooded building.
3808,761,Two people are walking towards a house.
3809,761,Two people walking by an old house.
3810,762,A figure stands in front of a tin-roofed structure where objects are positioned before a drawing of mountains and clouds against the back wall.
3811,762,A woman wearing a big t-shirt stands in front of stone steps.
3812,762,A woman standing in front of a dock with coolers.
3813,762,A person is standing in front of a small shack.
3814,762,A person getting ready to buy merchandise.
3815,763,A man in a t-shirt and shorts poses in front of a police squad wearing full S.W.A.T. gear.
3816,763,A man in a blue shirt poses on the street in front of police in riot gear.
3817,763,"A young man making ""peace signs"" poses in front of armed policemen."
3818,763,A man in a blue shirt posing in front of a police in riot gear.
3819,763,A man with sunglasses is posing in front of riot police.
3820,764,A flight attendant showing passengers how to use the airplane safety vest.
3821,764,The flight attendant dressed in yellow demonstrates life vest usage.
3822,764,A flight attendant is demonstrating safety devices.
3823,764,A stewardess reviews safety procedures on a plane.
3824,764,Woman on airplane models a flotation device.
3825,765,A man in a short-sleeved black shirt stands with a leg lifted behind him and arms spread in opposite directions on a grated structure.
3826,765,"A young adult male, wearing a black shirt and black pants, balances on one leg atop modern architecture."
3827,765,A male ballet dancer in black poses on a rooftop in front of a brown building.
3828,765,A man striking a ballet pose on a rooftop.
3829,765,The man in black is posing for a picture.
3830,766,A lady wearing a tank top and skinny jeans is sitting down on the grass drinking a beer.
3831,766,"As part of an audience, a woman in a black top drinks a beer while sitting in a park."
3832,766,A woman sits at an outdoor festival or show and sips on a beverage.
3833,766,A woman drinks a beer while watching an outdoor concert.
3834,766,The lady is drinking a brownish liquid.
3835,767,Two Chicago Police are standing next to each other while looking down at a city street from a elevated white gilded cage.
3836,767,"Two Chicago police officers are talking, while viewing a work site from above."
3837,767,Two Chicago Police Officers in uniform overlook a city street.
3838,767,Two Chicago police officers are surveying a demolition area.
3839,767,Two Chicago Police Officers with backs turned.
3840,768,Black and white bird standing on hand of someone holding sunflower seeds
3841,768,The small bird is clinging to a finger of the hand holding the seeds.
3842,768,A black and white bird eating seeds out of someone's hand
3843,768,A small bird sits in a person's hand and eats seeds.
3844,768,A black and white bird standing on a hand.
3845,769,Brown-haired woman turning head fast making hair whip around.
3846,769,A woman with long brown hair walking through a crowd.
3847,769,A person with brown hair stands in a group.
3848,769,A young lady turning away from camera.
3849,769,A messy haired girl in a club.
3850,770,A crowd walks about a square at night with smoke or fog drifting over them.
3851,770,A gaseous cloud churns above a large group of people in a dark courtyard.
3852,770,Maybe a riot in a busy city or maybe a fire from a burning building.
3853,770,A crowd of people at a city festival with smoke and fireworks
3854,770,People crowd a smoky street.
3855,771,A large poster of a shaggy buffalo hangs over the head of a man in a blue shirt holding a red bag.
3856,771,"A man holding a red bag, wearing a denim shirt stands in front of an AD featuring a Bull."
3857,771,A man in blue shirt and pants stands in front of a large sign displaying a yak.
3858,771,A man in a blue shirt is standing in front of a billboard picture of an ox.
3859,771,A man with a shopping bag stands in front of a billboard featuring a cow.
3860,772,"A boy in a green baseball jersey with yellow lettering, lunges forward, his baseball mitt open and ready to receive the approaching baseball."
3861,772,A young boy in a green and beige uniform is reaching to catch a ball in a glove.
3862,772,A young baseball player leans in to catch the ball with his gloved right hand.
3863,772,Young boy in baseball uniform kneeling to catch a ball on a baseball field.
3864,772,A small boy is running to catch the ball.
3865,773,The woman in the red jacket looks at the child in a green jacket.
3866,773,A child puts his hands to the belly of a woman in a red coat.
3867,773,A young boy is touching the stomach of a pregnant woman.
3868,773,A child embraces its mother's red coat.
3869,773,A boy looks up into a woman's face.
3870,774,Children are riding a swing ride at an amusement park or state fair.
3871,774,Children enjoying themselves on an amusement park ride.
3872,774,A group of kids riding on the giant swing ride
3873,774,Kids are riding a swinging carnival ride
3874,774,Children are swinging in the air.
3875,775,A young girl in a green and yellow jacket uses a microscope.
3876,775,A young girl with blond-hair peering through a microscope.
3877,775,A girl is looking through a microscope.
3878,775,A little girl learns about science.
3879,775,A girl looks into a microscope.
3880,776,Asian people walk down a street with billboard advertisements in the background.
3881,776,Many men and women walking across a street in a highly populated area.
3882,776,A group of Asian people are walking on a busy street.
3883,776,A crowd of asians walking around the city.
3884,776,A busy crosswalk somewhere in asia.
3885,777,"Two horse racing jockeys, one in checkered blue and red and the other in orange and brown, are racing against a blurry background."
3886,777,"A jockey with a red helmet is riding a white horse, and a jockey with an orange helmet is riding a brown horse."
3887,777,A jockey wearing a red and blue outfit is staring down a racetrack riding a gray horse.
3888,777,"A jockey riding his horse in a race, as another, losing jockey looks on."
3889,777,Two jockeys on horses are racing down a track.
3890,778,A young boy in a green shirt and blue cap is kicking a soccer ball.
3891,778,The little boy in the green shirt kicked the soccer ball high.
3892,778,A boy kicking a soccer ball and other kids waiting in line.
3893,778,A boy is kicking a ball as other children watch him.
3894,778,A little boy in a green shirt kicks a ball.
3895,779,A guy with a green beanie on his head is standing with his eyes closed besides a display board on the wall.
3896,779,A man in a green beanie stands in a room with black and wood walls.
3897,779,A young man wearing a black shirt and jeans stands in a building.
3898,779,A young man in a black t-shirt with a green hat standing.
3899,779,Man in black shirt and jeans standing with eyes closed.
3900,780,"A person in an orange jacket getting out of the rear of a Toyota SUV, parked in front of a view of the ocean and mountains."
3901,780,A SUV is parked near a body of water with a man standing next to the passenger side of the vehicle with the door open.
3902,780,"A person, wearing an orange coat, is looking in the backseat of their SUV on a sunny day."
3903,780,A man opening the back driver side door of his parked vehicle along a sandy road.
3904,780,Looks like a traveler going places in his toyota.
3905,781,A mother in blue and child walk down a sidewalk next to a brick street.
3906,781,A mom and her child walking down the street hand in hand in town.
3907,781,A woman and a little girl turning a corner on a city street.
3908,781,A woman and a child are walking down a street.
3909,781,A woman and child are walking.
3910,782,"Two boys, one wearing blue and the other wearing white, are riding their bikes off a large jump on a dirt trail surrounded by trees."
3911,782,Two men are riding trail bikes and are jumping over a hill in a area that is wooded.
3912,782,Two kids are jumping off dirt bike trails and are suspended in the air.
3913,782,Two BMX riders airborne having just hit a large dirt ramp.
3914,782,Two men or boys jumping bikes off bike course.
3915,783,"A young blond boy wearing a purple, long-sleeve shirt and blue pants jumping over a trench in the woods."
3916,783,Boy jumping the space in between while carrying a stick.
3917,783,A boy holding a stick jumps over a small channel.
3918,783,A child is jumping over a hole in the ground.
3919,783,A kid jumping over a ditch in the forest.
3920,784,A little boy and girl bounce on red and blue balls in the yard on grass.
3921,784,Two children are bouncing on their toys behind a gated housing complex.
3922,784,Two children are hopping on inflatable balls.
3923,784,A girl and boy bounce on large balls.
3924,784,Two kids bouncing on balls in the yard
3925,785,"Outdoor area crowded with jeeps packed with people, seen from behind."
3926,785,A large group of people all driving Jeeps down a two lane path.
3927,785,Many people are in a line of traffic and all are in jeeps.
3928,785,A bunch of people sit in their jeeps on a dirt road.
3929,785,Many villages in Jeeps fill a rural roadway.
3930,786,Two men with hats and a woman are jumping into calm water while wearing life jackets.
3931,786,Three people wearing orange safety vests are jumping into a body of water.
3932,786,"Two men, and one girl are wearing life jackets and swimming in the water."
3933,786,Three people wearing life preservers are enjoying some fun in the water.
3934,786,Three people jumping on a lake.
3935,787,Ethnic woman in traditional clothing sitting on the ground by artwork designs in chalk.
3936,787,"An Indian woman is sitting on the ground, amongst drawings, rocks and shrubbery."
3937,787,A woman sits as she shows the designs she has made in the floor.
3938,787,An older Indian woman is sitting near some drawings.
3939,787,Man in robe making designs on dirt ground.
3940,788,"A girl wearing a short-sleeve floral print dress with a watch on has a microphone and appears to be speaking or singing to a man with a sports coat, orange shirt and hat on who is playing a guitar."
3941,788,"A man and woman stand facing each other, the man holding an instrument and the woman holding a piece of paper."
3942,788,A woman holding a mic and a paper on stage with a musician.
3943,788,A musician and a lady with brown hair are about to sing.
3944,788,Two entertainers in action.
3945,789,Several people are leaning over the side of a bridge looking down into the water.
3946,789,People are watching as a blue car is hanging over a bridge that crosses a river.
3947,789,Many people standing on a bridge over murky water.
3948,789,Many people stand on an overpass looking over.
3949,789,Many people look over the side of a bridge.
3950,790,"Some chicken, dogs, and a turkey are trying to get some food out of a white bucket."
3951,790,"Puppies, chickens and a turkey examining bucket contents on dirt."
3952,790,Many white puppies are eating food near several brown roosters.
3953,790,"A group of dogs, chickens and a turkey stand by a bucket."
3954,790,Five white puppies and several chickens compete for food
3955,791,A caucasian man wearing red plaid bottoms and a black vest with large buttons with a tattoo on one arm has an upside down unicycle balancing on his mouth.
3956,791,A man with a tattoo wearing a sleeveless tailcoat is balancing a unicycle on his chin in front of a building.
3957,791,Man balancing a unicycle on his chin in the street outside with a tattoo on his upper arm.
3958,791,A man wearing a kilt is balancing a unicycle on his face.
3959,791,A man balances a unicycle using his face and both hands.
3960,792,"Two kids standing in front of an open wooden fence, both wearing pink pants with a long-sleeved shirt, while one girl is waving."
3961,792,Two girls standing inside of a wooden gate with one girl waving.
3962,792,Two little girls are standing in front of a gate.
3963,792,Two young brown-haired children are waving.
3964,792,Two young children waving to someone.
3965,793,"Two men are sitting at a table, one of them smoking, with two drinks on their table staring out into the area in front of them."
3966,793,Two men inside having a drink while one smokes as they watch another man walking just outside.
3967,793,Two men are sitting down at a table with drinks looking out at another man walking with a bag.
3968,793,Two people are at a table with drinks.
3969,793,Two men are conversing in a diner.
3970,794,A man in a black t-shirt and a man in a pink t-shirt are playing guitars on a stage.
3971,794,Two people play guitars on a stage next to other musical equipment.
3972,794,A band is playing guitars and singing on stage.
3973,794,"Musicians play on stage at Coney Island, NY."
3974,794,Two men playing guitars on stage.
3975,795,"A middle-aged woman with middle length brown hair in khaki pants, a long-sleeve blue shirt, and a long long gold jacket is walking in the subway station."
3976,795,"A woman in her early fifties walks by herself in the subway, another woman is not far behind."
3977,795,Woman in a gold jacket walking on a New York subway platform.
3978,795,The woman in the gold coat hurries to catch the subway.
3979,795,A woman in a gold jacket waiting in the subway.
3980,796,A woman wearing a red shirt and sunglasses speaks to a man in a turquoise shirt and sunglasses while standing behind a bearded man wearing a burgundy shirt and khaki pants.
3981,796,"A woman in a bright orange top is talking to a man in a green shirt, and in front of them is a man in a red shirt."
3982,796,"A man and a woman are talk while standing behind a man wearing a shirt that says ""Support Your Local Brewery""."
3983,796,A woman in a salmon colored shirt speaks and gestures to a man in a green shirt.
3984,796,A female and a male are waiting in line.
3985,797,A gray dog is bouncing a soccer ball on his head in a grass field.
3986,797,"The dog, all belly, leaps in the air to catch a large ball."
3987,797,A dog tries to play with a ball that is tossed to it.
3988,797,A dog with a blue collar plays ball outside.
3989,797,A dog plays with a soccer ball
3990,798,A young girl in jeans sits at the top of a red and yellow slide.
3991,798,The little girl in pigtails is preparing to go down the slide.
3992,798,There is a little girl sitting at the top of a red slide.
3993,798,A child gets ready to slide down the slide.
3994,798,The little girl is sitting on the slide.
3995,799,"Two elderly woman, both in long-sleeve jackets with white hair, holding hands near wall with graffiti."
3996,799,"Two elderly ladies, one wearing a brown blouse and the other a gray, are holding hands outside."
3997,799,"Two elderly women talking, one is holding the other's hand."
3998,799,Two elderly woman outside by a wall that has graffiti.
3999,799,Senior citizens lending a hand to one another.
4000,800,A black and white dog is running through the sand on a beach.
4001,800,A brown dog with white paws running on the beach.
4002,800,There are two dogs running on the beach outside.
4003,800,Two dogs are playing on the beach together.
4004,800,Two dogs run along a beach.
4005,801,The red-hair woman wearing a black tartan hat holds a baby with flowers on her head.
4006,801,A lady with a black hat holds a little girl with a crown of flowers.
4007,801,A girl in black hat holding an african american baby.
4008,801,A young woman holds a baby with flowers on its head.
4009,801,A woman holding a baby after a wedding
4010,802,"A man in a straw hat, and a man in a striped shirt are each drinking out of their own styrofoam cups and making strange faces."
4011,802,A man in a straw hat and another man in a striped shirt who are both drinking from cups and making funny faces.
4012,802,Two young men make faces as they drink from styrofoam cups.
4013,802,Two men with angry faces drink out of white cups.
4014,802,Two men drinking out of white cups.
4015,803,A girl in a green jersey top and blue shorts is getting ready to kick the soccer ball near the goal.
4016,803,A girl wearing a green jersey chases down a soccer ball in an attempt to kick it in to the net.
4017,803,Young female athlete shoots a goal in exciting soccer match-up.
4018,803,A female soccer player ready to score a goal during a game.
4019,803,A girl soccer player about to score a goal for her team.
4020,804,A group of young people dancing outside at some event.
4021,804,The couples are dancing in the streets.
4022,804,Several couples dance in a plaza.
4023,804,Couples are dancing on the street
4024,804,Couples dancing in the street.
4025,805,"A man wearing a tuxedo is kissing his bride, who is wearing a white wedding gown."
4026,805,A just married couple kissing and holding one another.
4027,805,An Asian couple kiss outdoors on their wedding day.
4028,805,An Asian couple kisses during their wedding.
4029,805,An Asian couple kiss on their wedding day.
4030,806,"Kids practicing martial arts in a dojo, while older members look on."
4031,806,"They are having a karate class, a karate is part of self-defense"
4032,806,A young boy at karate class kicks his leg high into the air.
4033,806,A young buy kicking in his karate gi next to another child.
4034,806,A boy in karate class kicks in unison with his classmates.
4035,807,"Three boys are in the water, one on top of a water buffalo and another aside it, another is holding what seems to be a net and the other has water up to his shoulders."
4036,807,Three boys cross a river with some sort of wild animal.
4037,807,Three children are with two animals in the water.
4038,807,Three kids playing in the water with some cattle.
4039,807,Three children are in water with two bulls.
4040,808,"Two people, one in a white shirt and one in a red shirt, drink beer together at a bar."
4041,808,A brown-haired man with a red shirt drinking at a bar with a woman in a white jacket.
4042,808,"A man and a woman sit at a bar outside, each holding a full glass of beer."
4043,808,A man and woman are drinking beer outdoors at night.
4044,808,A young couple enjoys a drink together.
4045,809,A pitcher with a red shirt is throwing a ball and his teammate is waiting to catch near a base.
4046,809,A baseball pitcher in a red and white uniform throws the ball while his teammate watches.
4047,809,"Baseball is being played by two men in red jerseys by a ""pepco"" sign."
4048,809,A baseball pitcher on the mound leaning into his pitch.
4049,809,A pitcher throwing a ball at a baseball game
4050,810,A man dressed in blue is performing some yard work with what appears to be a broom or rake on the steps leading up to a house next to a street on a sunny day.
4051,810,A man in blue is walking down a wooden staircase at the side of a house.
4052,810,A gentleman is doing some landscaping work near his beautiful house.
4053,810,Man cleaning off stone stairs on a sunny day.
4054,810,A man sweeping the stairs down from his house.
4055,811,A young woman with blond-hair in a white shirt and black shorts is about to strike a volleyball.
4056,811,"A girl wearing a white shirt, black shorts, and a headband is playing volleyball."
4057,811,A female athlete is serving a volleyball inside a gymnasium.
4058,811,A woman in a gym is about to hit a volleyball serve.
4059,811,A young woman serving a volleyball in a gymnasium.
4060,812,The older man in a dark blue shirt is using tools to make glass before putting them into a heated kiln.
4061,812,An elderly man is looking through his glasses while working with hot metal.
4062,812,An elderly man snips tin in preparation for his next project.
4063,812,Old man crafting something in his workshop.
4064,812,A man working in a foundry.
4065,813,Two barefooted people are walking down a paved road with an upside swimming pool on their heads.
4066,813,Two barefoot people are carrying pots on their backs and standing by the side of a road.
4067,813,"Two people are walking beside a road, holding large pots on their heads."
4068,813,Two barefooted women are walking with large containers over their heads.
4069,813,"Two people are hiding under giant bowls, possibly to avoid the sun."
4070,814,A woman blowing on a hot beverage while sitting at a table on the sidewalk.
4071,814,"Across from the Bank of Oklahoma, a woman enjoys the scent of her tea."
4072,814,A man sips his drink from a mug at an outdoor cafe.
4073,814,A woman with glasses drinks coffee at a cafe.
4074,814,A woman wearing glasses sips her drink.
4075,815,An Asian youth with red-hair and painted face plays a guitar and sings.
4076,815,A young woman playing guitar and singing on a stage.
4077,815,A young lady is playing a guitar and singing.
4078,815,A young musician plays her guitar and sings.
4079,815,Singer playing guitar on stage.
4080,816,"Two performers, one man playing a guitar, and one woman with a mic raised to her mouth are sitting on chairs performing."
4081,816,"A blond woman with a burgundy shirt laughs into a microphone with a bald, bearded guy with a guitar next to her."
4082,816,A man plays an acoustic guitar while a woman sings into a microphone.
4083,816,A man with a guitar and a woman with a microphone perform.
4084,816,A woman sings a song as a man plays the guitar.
4085,817,A Sooners football player in his red and white uniform being lifted by two teamates dressed the same.
4086,817,The football players in the red and white team uniforms are jumping up and down.
4087,817,Three football players wearing red jerseys are on the field.
4088,817,Football players in red and white are jumping and hugging.
4089,817,Three athletes in red and white uniforms and helmets.
4090,818,Black man in blue trunks covered in soap suds taking a bath in a source of water near stairs.
4091,818,Man taking a bath outside still in his blue swim trunks.
4092,818,Man wearing blue shorts lathered up in public.
4093,818,A dark-skinned man smothered in white liquid.
4094,818,A man bathing himself in a fountain.
4095,819,A young boy wearing a red shirt is jumping off of a blue slide at a park.
4096,819,A little boy in a red t-shirt jumps off of a blue slide at a playground.
4097,819,The blond boy is wearing a red shirt and jumping off of a blue slide.
4098,819,A boy wearing a red shirt jumps off the blue slide.
4099,819,There is a kid jumping off a blue slide.
4100,820,"A busy city is filled with cars stuck in traffic along the road, and a lone man notices the traffic jam."
4101,820,"A busy city scene with many different types of vehicles either parked, or moving along on the freeway."
4102,820,Several cars and trucks are going down a busy street while two people walk by the road.
4103,820,A woman with white shoes and a gray shirt looking at traffic.
4104,820,Cars line up in a very busy road in the middle of the city.
4105,821,"A large group of men, women, and children gather on a lawn for a concert."
4106,821,A large group of people are sitting on a lawn watching something.
4107,821,A large number of people are sitting in a green field.
4108,821,A crowd is gathered outside watching a performance.
4109,821,A crowd of people sitting on a lawn clapping.
4110,822,Three asian female pedestrians on a city street after going to a Starbucks at one point.
4111,822,Three Asian ladies are walking down a sidewalk holding purses and shopping bags.
4112,822,Three oriental young ladies are walking down a stone pathway.
4113,822,Three women enjoying a stroll through the streets.
4114,822,Three women walk by an office building.
4115,823,"A person in heavy clothing and a plastic ""hood"" around the neck carries a second plastic bag in front of a large stone column."
4116,823,"Man in a coat, walking with plastic wrapped around shoulders, shielding himself from the cold."
4117,823,Person in old heavy coat with a bag around their head tied like a scarf.
4118,823,A black man standing alone outside in a long overcoat.
4119,823,A man in very warm clothing.
4120,824,A man in a leather coat plays a saxophone into a microphone.
4121,824,A man in a black leather jacket plays a saxophone.
4122,824,A saxophone player playing in a studio.
4123,824,A man is playing a saxaphone.
4124,824,A man playing the saxophone.
4125,825,Several women in headscarves are standing in a cobbled courtyard.
4126,825,A group of women wearing burkas are gathered outside a building.
4127,825,Many women wearing garments that cover the head.
4128,825,Muslim women talking in a marketplace.
4129,825,Group of women with headscarves.
4130,826,Three men in shorts are golfing on the coast on a beautiful day.
4131,826,3 men playing golf next to the ocean all in shorts and t-shirt.
4132,826,Three men are playing golf in front of a body of water.
4133,826,Three guys playing golf along a body of water.
4134,826,Three men playing golf close to the water.
4135,827,A man in an orange safety vest holds a hawk while standing in a train depot.
4136,827,A man with an orange vest is holding a bird of prey on his leather glove.
4137,827,A man at his workplace with a hawk perched on his hand.
4138,827,A man in an orange vest holds a large bird.
4139,827,A man standing by a train holding a bird.
4140,828,"The strangely dressed guys, one wearing an orange wig, sunglasses with peace signs, and a karate costume with an orannge belt, another wearing a curly blue wig, heart shaped sunglasses, and a karate outfit painted with leaves, and the third wearing pink underwear, a black afro, and giant sunglasses."
4141,828,Three men wearing brightly colored costumes take to the streets with wigs and crazy sunglasses.
4142,828,"Three men are dressed in strange costumes, two are carrying musical instruments."
4143,828,"Three men are dress up with some colors of blue, orange and white."
4144,828,Three men are wearing strange costumes.
4145,829,"A young Indian boy is lean into a wall, wearing a red and white striped shirt, and covering his eyes."
4146,829,A young boy has his hand covering his eyes and is leaning his head against a red brisk wall.
4147,829,Young boy in red and white stripes leans against the wall with his hand over his eyes.
4148,829,A boy is leaning against a brick wall near some trees.
4149,829,A child covers his eyes and faces a brick wall.
4150,830,Three shortboarders are walking down the beach toward an outcropping of black boulders.
4151,830,Three surfers walking down a beach with several large rocks in the sand.
4152,830,Three surfers are walking on the beach.
4153,830,Three surfers walking down a beach.
4154,830,Three surfers walking on the beach
4155,831,A young girl with glasses and black necklace is blowing smoke in front of the camera.
4156,831,A girl with glasses is blowing out smoke while holding a joint in her left hand.
4157,831,A woman with glasses is holding an item which produces a lot of smoke.
4158,831,A lady with glass smoking a cigarette with blue smoke fogging the room
4159,831,A woman smoking and blowing the smoke out.
4160,832,A man wearing a beige hat looked at all the white rock covering part of the mountain areas.
4161,832,A man standing in the mountains looking at ice.
4162,832,A hiker looks towards a snow top on a mountain.
4163,832,The man in the hat is hiking up the mountain.
4164,832,A man in a black shirt looks at a glacier.
4165,833,"A dark-haired man wearing a red headscarf poses with a machine gun in front of the entrance to a wax museum, the woman behind the desk looks disinterestedly in the opposite direction."
4166,833,There is a woman sitting at the front desk of a Hollywood Wax Museum with a statue standing next to the desk she is sitting at.
4167,833,A model of Sylvester Stallone stands in front of a ticket counter and an attendant in the Hollywood Wax Museum.
4168,833,"Interior of the restaurant chain : Planet Hollywood, various movie memorabilia decorate the space."
4169,833,A man is dressed as a movie character holding a gun in the lobby of a movie theater.
4170,834,A man dressed as a police officer holds a fake bird outside of a sunglasses store.
4171,834,A police officer is performing with a puppet that looks like a bird.
4172,834,"A man dressed as a cop, has a fake vulture perched on his arm."
4173,834,A mall security guard holds a vulture puppet on his arm.
4174,834,A man in a police uniform holding a puppet.
4175,835,Three men are gathering next to a blue tractor in a warehouse.
4176,835,Workers stand around next to a forklift on break.
4177,835,Four people stand around near a blue fork lift.
4178,835,Three men standing at a warehouse site.
4179,835,People walking around a forklift.
4180,836,Two women are sitting on a cement street with a large display of fresh vegetables.
4181,836,There are various vegetables put out on rugs in front of African women.
4182,836,A group of African merchants sell a variety of vegetables in a market.
4183,836,African women are selling vegetables in a street side marketplace.
4184,836,Two ladies are selling fruits and produce on the street.
4185,837,A girl with brown hair and a brown shirt is building a gingerbread house.
4186,837,A girl was sitting at a table trying to make a gingerbread house.
4187,837,A young woman builds a gingerbread house.
4188,837,Woman sculpting gingerbread house.
4189,837,Woman makes a gingerbread house.
4190,838,A worker welding some metal wearing full protective gear while he is sitting down
4191,838,A man in a yellow jumpsuit and blue face mask welds a metal beam.
4192,838,Man in yellow work suit welding two pipes together.
4193,838,A welder is working outside by some concrete ruble
4194,838,A man welding at a construction site.
4195,839,A young man in a white t-shirt sings into a microphone while others play musical instruments in the background.
4196,839,Young boy with a white shirt and jeans singing into a microphone with three other boys in the background.
4197,839,A young man in a white shirt is singing with a band.
4198,839,A man in a white shirt is singing with a band.
4199,839,A music band performing on stage.
4200,840,A skateboarder performs a trick in front of a business building.
4201,840,Two boys are skateboarding in front of an office building.
4202,840,Skateboarders do tricks on steps outside of building.
4203,840,Skateboarder on the gray steps on a large building
4204,840,Two kids are skateboarding.
4205,841,"A man in a green safety jacket and pants stands, facing away, near bags of trash while people stand on the curb across the street."
4206,841,A garbage collector looks through garbage with people lined across the street waiting for something.
4207,841,Man in a yellow reflector suit collecting trash as people wait at a bus stop across the street.
4208,841,A man in dayglo yellow collects trash along a street while others look on.
4209,841,"A man, wearing a florescent green jacket, cleaning up trash."
4210,842,"A woman wearing glasses and a black shirt is bending over, while others walk by."
4211,842,People walk through what looks like a dry and ravaged field.
4212,842,Several people stand on dirt while carrying bags.
4213,842,A group of people cleaning up an area.
4214,842,A woman picking up debris on a beach.
4215,843,"Storefronts on a nearly empty street, a person pushing a cart is in the distance."
4216,843,A street is almost deserted with yellow sign opened up beside a white line.
4217,843,A quiet street with unique shops and architecture.
4218,843,Empty street in cobblestoned shopping district.
4219,843,An empty street with stores with french names.
4220,844,A little boy wearing a plaid shirt and khaki pants is crouching on the ground with his hands on a skateboard.
4221,844,A toddler wearing a long red sleeve strip shirt and cargo pants playing with a skateboard on the sidewalk.
4222,844,A small child bends down to a skateboard on the sidewalk.
4223,844,A little boy is playing with a skateboard.
4224,844,A little boy is playing with a skateboard.
4225,845,Two women have their arms around each other and are smiling.
4226,845,There are two ladies embracing and posing shown here.
4227,845,Two women with their arms around each other smile.
4228,845,Two women smile for the camera.
4229,845,Two girlfriends smiling.
4230,846,"An elderly Asian man and child, who appear to be Tibetan monks, perform a ceremony involving ringing bells."
4231,846,A man and a boy adorned in red and gold ring bells during some type of ceremony.
4232,846,A old man and a young boy are sitting at a table dressed in cultural garb.
4233,846,A man and a boy are sitting at an altar both are holding bells.
4234,846,A young and old Hindu ringing bells at a religious ceremony.
4235,847,"This is a very dark picture, perhaps taken at night, of three people with their backs to the camera buying goods from two men at a booth."
4236,847,Here is the Indian play about Native American grandfathers being viewed by Knotts Berry Farm Visitors.
4237,847,Street vendors show their necklaces for sale to three customers.
4238,847,Three people looking at items that a street vendor is selling.
4239,847,Three people are looking at merchandise of a jewelry kiosk.
4240,848,A small child in gray and orange winks their eye while holding silverware.
4241,848,The little boy is holding a spoon in his hand whilst winking one eye.
4242,848,A little boy with a bib on is watching the camera.
4243,848,A tan-skinned child looking at the camera.
4244,848,A young boy winks as he is eating.
4245,849,A little girl in only socks and a necklace is being tossed in the air and caught.
4246,849,A young child is held above a man's head as her hair flies in the air.
4247,849,A man is spinning a little girl in the air above his head.
4248,849,A naked little girl being thrown into the air.
4249,849,A man is lifting a little girl above his head.
4250,850,A blond with sunglasses and several necklaces is holding the phone up to her ear.
4251,850,A girl in black talking on the phone standing in front of brick and a red curtain.
4252,850,A lady wearing a black dress and with sunglasses is talking on the phone.
4253,850,A woman talks on her cellphone while standing near a brick wall.
4254,850,Lady in a black shirt making a phone call
4255,851,Young girl with a point and shoot camera taking a picture of the sky with tropical trees blurred in the background.
4256,851,A young girl is taking photographs of the view near forest areas while wearing a summer shirt.
4257,851,A child with sunglasses around her neck holding a camera towards the sky.
4258,851,A girl with black hair is taking photo with a digital camera.
4259,851,Young girl looking through a camera to take picture.
4260,852,"With a pack and ski pole on the ground, a man wearing a winter coat is holding a tent while other tents are already set up."
4261,852,A person setting up a tent beside a few other tents on the snowy ground.
4262,852,A man with a Texas flag stands in the snow by tents.
4263,852,A man holds a flag next to a snowbound campsite.
4264,852,Mountain climbers are setting up their tents.
4265,853,"Two men dressed in identical white jackets with green numbers and logo are studying something on a cellphone with great interest, while other men, identically dressed and standing in a group with these two, are interested in something to their right."
4266,853,"While standing in a group of men, two men are sharing joint attention on a small electronic device and expressing happy emotions."
4267,853,A team of soccer players all dressed in white and green two of these male players are looking at a phone smiling.
4268,853,Men dressed in white gear laughing and looking at a cellphone.
4269,853,Three soccer players in white jackets.
4270,854,Bicyclist dressed in black and white with white sunglasses on points at something.
4271,854,A person in a black top and bicycle helmet gestures while sitting on a bike.
4272,854,A bicyclist wearing white sunglasses and a white and black helmet.
4273,854,A cyclist dressed in black and white is pointing.
4274,854,A person in a black and white shirt on a bicycle.
4275,855,A man with a red helmet in doing a trick on a gray motorcycle.
4276,855,A person on a motorcycle popping a wheelie in a parkinglot.
4277,855,Person doing a trick wheelie on a motorcycle.
4278,855,A guy riding a motorcycle on one wheel.
4279,855,A motorcyclist pops a wheelie.
4280,856,A black and white dog hopes a toy is thrown his way after a gray and white one receives one.
4281,856,A black and white dog near a gray and white dog on beige carpet.
4282,856,Two dogs are on the carpet in front of a cardboard box.
4283,856,Two big dogs play in a room in a house.
4284,856,Two dogs in a house playing with toys.
4285,857,"A lady with a striped shirt is about to give a bath to a baby she is holding across her lap, in front of a little blue bathtub."
4286,857,"A woman, in the striped shirt, is in the process of bathing a baby."
4287,857,The mom is getting ready to give her baby a bath.
4288,857,A young woman is giving a baby a bath.
4289,857,An Asian woman holds a baby.
4290,858,"This man is preparing a meal, dicing up his vegetables."
4291,858,A man in his kitchen cooking up a great meal.
4292,858,A man is using a cutting board to chop food.
4293,858,A man is cutting something in the kitchen.
4294,858,A man prepares a meal on a cutting board
4295,859,A older bearded man wearing a sports jacket makes a gesture with his right hand.
4296,859,A man with a beard in a gray suit and brown shirt standing in a marketplace.
4297,859,An older man with a white beard making a gesture with his hand.
4298,859,A man in a plaid suit coat gestures with his hand.
4299,859,A bearded gentleman gestures with his hand.
4300,860,A group of people walking towards the camera and a man in a dark blue shirt facing away from the camera on the right side.
4301,860,There are several people who are walking on a sidewalk that in front of a building that is being remodeled.
4302,860,People are walking down a walkway surrounded by buildings.
4303,860,A group of people are walking down the street.
4304,860,A diverse group of people walking downtown.
4305,861,"A man wearing glasses and sitting at a computer, looks back at a man wearing a white shirt as he is pointing at something."
4306,861,An Asian man standing next to a door points to something.
4307,861,Someone on a laptop looks at someone standing by a door.
4308,861,A man in a white shirt has his index finger raised.
4309,861,Two men are having a discussion in a classroom.
4310,862,A man with a black shirt jumps from a wooden plank on a cloudy day.
4311,862,A man is diving off logs while wearing all black gear.
4312,862,A man in black shorts is jumping off planks of wood.
4313,862,A man jumps off a wooden structure.
4314,862,A man jumping off of some logs.
4315,863,A person in a green and white jacket and green pants is practicing on his snowboard.
4316,863,A person in green pants on a snowboard above the snow covered ground.
4317,863,A snowboarder in green is balancing on a wodden bench.
4318,863,Someone in green pants is standing on a snowboard.
4319,863,A man dressed in green snowboarding on a bench.
4320,864,A woman in a coat is leaning in for a kiss with a man in a fur lined coat.
4321,864,A woman kissing a man in an orange shirt and brown jacket on the cheek.
4322,864,A woman is sharing an intimate moment with a man in a leather jacket.
4323,864,A woman in a black coat kissing a man in a orange shirt.
4324,864,A woman leans toward a man.
4325,865,A young boy wearing orange is running with the football as the boy in blue tries to wrestle him to the ground.
4326,865,A football player has his arms wrapped around the person holding the ball.
4327,865,A football player in orange being tackled by a player in blue.
4328,865,Boy in orange jersey has the football and is being tackled.
4329,865,A football player being tackled during a game.
4330,866,A teenage boy tries out his bright yellow jacket and new snowboard on the front steps of his home.
4331,866,Skilled snowboarder in bright yellow glides smoothly down a stair rail in the snow.
4332,866,A teenager is riding a snowboard down the side of a set of stairs.
4333,866,Guy in a yellow and purple outfit jumping off a set of stairs.
4334,866,A man on a snowboard with snow everywhere.
4335,867,A young man wearing shorts and a white t-shirt is sleeping on a black leather couch.
4336,867,A man in a white t-shirt and beige shorts lies asleep on a black sofa.
4337,867,A man in a white t-shirt and khaki shorts sleeps on a leather couch.
4338,867,A dark headed boy sleeping on a leather couch.
4339,867,A man sleeping on a black couch.
4340,868,A man in blue stands outside of a building whilst using the phone.
4341,868,An older man stands by a building talking on his cellphone.
4342,868,A man on his cellphone standing outside of a building.
4343,868,He is calling his wife to tell he will be coming late.
4344,868,Man in a blue shirt talking on a cellphone.
4345,869,A woman with a maroon shirt on and blue jeans in a work environment using a pulley to move a structure.
4346,869,A middle-aged blond woman is directing an object onto a trolley.
4347,869,A man using a crane to lift up a sculpture.
4348,869,A woman works in a dusty art studio.
4349,869,Lady with stone carving on hook.
4350,870,"A woman sitting behind a counter at work is wearing a white lab coat, glasses, and gold jewelry as she reads leaflets that she is holding."
4351,870,An elderly woman in glasses and a white top is looking at forms in a medical office.
4352,870,A woman in a white coat and gold bracelet looks at a sheaf of papers.
4353,870,A woman in a pharmacy looks through a stack of papers.
4354,870,A pharmacy technician is reading a prescription.
4355,871,"Two men dressed in winter coats are standing outside in the snow in a picnic shelter, getting ready to eat."
4356,871,Two men in winter clothing exchange food under a wooden shelter.
4357,871,Multiple people at a gathering under a pavilion in the snow.
4358,871,People in snowy climate prepare to eat food on plates.
4359,871,People gathered around a table.
4360,872,A woman on her wedding day with her wedding gown on looking back at a her family.
4361,872,Several people with their arms around one another at a celebration.
4362,872,"A crowd is standing under a banner, facing away from the camera."
4363,872,The bride at a wedding looking back at a woman dressed in brown.
4364,872,A bride holds her bouquet and gazes back at the crowd.
4365,873,A black and white dog with a red Frisbee standing on a sandy beach.
4366,873,The black dog is dropping a red disc on a beach.
4367,873,A dog with a red Frisbee flying in the air.
4368,873,A dog drops a red disc on a beach.
4369,873,Dog catching a red Frisbee.
4370,874,A white dog stands in front of a cow that has its head down and horns directed at the dog.
4371,874,A white dog looks at a nervous cow in a mountain setting.
4372,874,A dog and a cow are standing on a hillside.
4373,874,A dog and a cow are on a rocky slope.
4374,874,Two dogs are in a grassy area.
4375,875,There is a man walking with a bag in front of a black square paneled wall.
4376,875,A man walking in front of a black cement wall with a bag on his shoulder.
4377,875,A man wearing a black shirt and carrying a messenger bag is walking.
4378,875,A man with a messenger bag in front of a gray tile wall.
4379,875,A man with a brown bag walks in front of a gray wall.
4380,876,"A woman wearing a black and white shirt, glasses and has a ring on her right hand, is smiling, while sitting on what appears to be a sofa with a blanket throw on the back of it."
4381,876,This lady has heard a funny joke and laughing.
4382,876,A woman sitting with a great big smile.
4383,876,Lady with glasses sitting and smiling.
4384,876,A woman in a sweater is laughing.
4385,877,"On a clear blue day, an ocean surfer catches a wave and delicately maintains his balance on the surfboard as he rides towards the shore."
4386,877,Surfer demonstrates ability to navigate waves with ease.
4387,877,A lone person is surfing a medium-sized wave.
4388,877,A surfer catching a green wave.
4389,877,A surfer surfing on a wave.
4390,878,The Father of the Bride kissing his daughter on the forehead before walking down the aisle.
4391,878,A man kisses his bride on the forehead during their wedding.
4392,878,A man with glasses on kisses a female on the forehead.
4393,878,A man is kissing the forehead of a bride.
4394,878,A bride being kissed by a man.
4395,879,An older gentlemen wearing a white hat is sitting on a stool outside on the sidewalk while his dog patiently waits for him.
4396,879,A man wearing a straw hat sitting in a chair holding the leash on a dog who is laying on the sidewalk next to him.
4397,879,Man in his seventies wearing a colorful outfit on the side of the street with his bulldog.
4398,879,A guy sitting in a chair on the street next to his dog.
4399,879,Old man and tired dog sit outside cafe.
4400,880,A white male toddler wearing a blue top sitting in a cream colored chair with a large stuffed SpongeBob.
4401,880,A baby boy is sitting on a beige chair next to a stuffed SpongeBob SquarePants.
4402,880,A baby is sitting in a chair with a stuffed SpongeBob SquarePants toy.
4403,880,Baby sitting in chair with stuffed SpongeBob doll.
4404,880,A child sitting with a stuffed toy on a couch
4405,881,"There is a surfer in the water, wearing a red and black bodysuit, catching a wave with his hands out for balance."
4406,881,"A surfer is surfing a large wave on a white surfboard, wearing a black and red bodysuit."
4407,881,A surfer is riding a wave in a wetsuit.
4408,881,A man on a surfboard riding the waves.
4409,881,A surfer riding a gnarly wave
4410,882,A young boy stands in a parking lot and looks back at the camera.
4411,882,A young child wearing an embroidered hat and clothing.
4412,882,A boy with a golden crown and a white robe.
4413,882,A young child dressed in a white robe.
4414,882,Young child wearing religious outfit.
4415,883,A man takes a drink of champagne with a window and greenery in the background.
4416,883,A man wearing a beige collared shirt takes a drink of wine in a fluted glass.
4417,883,A man wearing a tan shirt looks into the camera as he drinks wine.
4418,883,Man drinking from a champagne flute.
4419,883,A man beige shirt having a drink.
4420,884,A man in a red jacket and jeans stands next to a column in front of a store.
4421,884,A man in a red coat stands outside of a store near a big column.
4422,884,A man wearing a red coat stands on the corner near a building.
4423,884,Two people are standing outside a store on a city street.
4424,884,A man standing near a street corner.
4425,885,Two men playing baseball with the one in the black and red jersey running toward base.
4426,885,One baseball player running toward a base with another waiting on the base
4427,885,A runner heading toward a base while the baseman tries to tag him out.
4428,885,"These two people are in baseball uniforms, making a play at base."
4429,885,Two people playing baseball.
4430,886,A hiker is sitting on the ground looking towards the snow covered mountains.
4431,886,One person wearing a backpack sitting on the side of a rocky mountain.
4432,886,Someone is sitting on a hill overlooking a rocky mountain.
4433,886,A man is sitting on top of a mountain.
4434,886,A person sits near a mountain.
4435,887,5 ski-divers in mid-flight with cameras on their helmets - one with yellow smoke coming from foot and another with green smoke coming from foot.
4436,887,Five people are skydiving and two of them have green and yellow smoke coming off of them.
4437,887,Four skydivers in dark outfits are linking hands in midair.
4438,887,Five skydivers are currently falling toward the ground.
4439,887,Five people are falling in the sky with parachutes.
4440,888,Mannequins in elaborate and festive dress have been arranged into a scene of celebration.
4441,888,"Dancers hold on to one another surrounded by a vast array of colors, fabrics and people."
4442,888,"It is a party scene of mannequins, dressed in lavish clothing."
4443,888,A set of actors and actresses perform a show.
4444,888,Performers in vintage clothing on a stage.
4445,889,"Two dogs, one large and one small, are playing together in the grass."
4446,889,The big brown and black dog is on top of a small white dog.
4447,889,The brown and black dog is over top of the white dog.
4448,889,A German Sheperd and a small white dog are playing
4449,889,Two dogs playing together on the grass.
4450,890,A dog prepares to catch a thrown object in a field with nearby cars.
4451,890,A white dog is ready to catch a yellow ball flying through the air.
4452,890,A white dog is about to catch a yellow ball in its mouth.
4453,890,A white dog is about to catch a yellow dog toy.
4454,890,A white dog running after a yellow ball
4455,891,Kids and their parents play a carnival game where water is squirted at a target
4456,891,Lots of people playing a water shooter carnival game.
4457,891,The people are having fun at the Carnival.
4458,891,People playing a game at the midway.
4459,891,People are playing a carnival game.
4460,892,"A large brown dog is lying in the sun on a big, green dog bed."
4461,892,A brown dog laying on a green cushion.
4462,892,A brown dog sleeps on a green pillow.
4463,892,A brown dog rests on a green cushion.
4464,892,A dog laying down on a green cushion.
4465,893,"A man dressed in black shorts, a black t-shirt, and a backwards black baseball cap is talking to a man wearing a striped shirt and shorts while standing behind a truck."
4466,893,"Two males seem to be conversing while standing in front of a truck's back, and behind a metal item, while four people stand around them."
4467,893,"A semi trailer is inside a building, and people are gathered behind its open rear door where there are displays being set up."
4468,893,A group of people are standing in a warehouse.
4469,893,People stand in a warehouse.
4470,894,A sleepy looking woman holding a baby who seems to be in a state of awe.
4471,894,A sleepy mother tries to keep up with her kid.
4472,894,Mother lifting her child onto a spin roll toy.
4473,894,A woman is helping a baby stand up.
4474,894,A lady is taking care of her child.
4475,895,An adorable little boy in a long-sleeved t-shirt and baseball cap is enjoying playing in some leaves.
4476,895,A small child in an orange shirt and red baseball cap plays with some leaves in his backyard.
4477,895,A little boy in a orange with gray shirt and khaki pants playing in the leaves.
4478,895,A young boy plays with a pile of dead leaves in a yard by a playhouse.
4479,895,A young boy plays outside in his backyard with a pile of leaves.
4480,896,A man in a batman costume and a number on his chest is running with others down a street.
4481,896,The runner dons a batman uniform for the race
4482,896,A man in a batman costume is running a race.
4483,896,A man dressed as Batman running in a race.
4484,896,A man in a batman suit running.
4485,897,Two Asian women are completing tasks and there is a beautiful background of bamboo.
4486,897,Two women are at work along a balcony on the edge of a bamboo forest.
4487,897,Two ladies with aprons were working very hard on a very shiny table.
4488,897,Two people working at a table in a garden like setting.
4489,897,Two oriental women working at a table.
4490,898,"The girl sitting by a rock is wearing a black coat, black hat, black gloves but is covered by a pink blanket."
4491,898,"A woman derssed in a black sweater, gloves, hat, and a scarf sits on the beach near a boulder."
4492,898,A woman wearing a black hat sits on the sand with a rock behind her.
4493,898,A girl in a black jacket and hat is covered in a pink blanket
4494,898,A woman in a black cap and outfit sits in the sand.
4495,899,An orange bus with advertising waits at a crossing heading for Baker Street.
4496,899,An orange charter bus at a street crossing that advertises easy Bus.co.uk.
4497,899,A public transportation bus is stopped near a crosswalk.
4498,899,An orange bus is parked on the side of a road.
4499,899,A large orange bus is stopped on the street.
4500,900,Man in blue robes stands between a cloud of brown smoke and a crowd taking photos.
4501,900,"A man wearing a gown walking up to a canvas, spectators watching"
4502,900,A man wearing a dark blue robe performing a ritual.
4503,900,This man is doing some kind of ritual.
4504,900,AA man performs a ceremony.
4505,901,A man in a hat and a man in glasses talk on the side of the road as a man walks past them.
4506,901,Two men are standing on the street talking while another walks by.
4507,901,Two men stop on the sidewalk to chat as a third passes by.
4508,901,Two men stop to chat on the sidewalk as a car passes by.
4509,901,Two men are discussing something.
4510,902,A brown horse is nuzzling a smiling woman's neck as her hair blows in the wind.
4511,902,A brown horse is standing behind a girl and is sniffing her hair.
4512,902,A horse standing behind a woman with brown hair.
4513,902,A horse licks a brown-haired woman's back.
4514,902,A woman is being licked by a brown horse.
4515,903,A young woman wearing a glittery black costume glides across the ice.
4516,903,A figure skating wearing a black dress is performing on an ice rink.
4517,903,A female figure skating in a black leotard.
4518,903,Asian figure skater in classic pose.
4519,903,An attractive women ice skating.
4520,904,A woman in jeans and a revealing top is jumping in front of a green hoop-like structure.
4521,904,A young girl moves to a beat in a midriff baring shirt and jeans.
4522,904,A young woman using a green hula hoop.
4523,904,A woman hula-hooping in a red shirt.
4524,904,A young adult is hula hooping.
4525,905,A brown dog is running in the grass between obstacles on a course
4526,905,A light brown dog running through an obstacle course.
4527,905,A red furred dog runs on an obstacle course.
4528,905,A small dog plays in the grass.
4529,905,A dog runs through the grass.
4530,906,"A person in blue pants bends over toward the carpet in a public dining area, as another woman in a white shirt looks over her shoulder toward the action."
4531,906,A woman wearing blue pants is bending over next to a woman and small child seated at restaurant table.
4532,906,"In a restaurant, a woman and a baby watch as someone bends over to pick up a napkin."
4533,906,A man wearing blue pants is bending over to pick up something from the ground
4534,906,A person bending over a child in a restaurant
4535,907,A woman walking by two cardboard cowboy gunslingers outside of a building with Dave written on it.
4536,907,A lady in blue long shorts and carrying a bag is glancing at the street art on a yellow building.
4537,907,"An older woman walks down a frescoed sidewalk outside of a gun store called ""Dave's""."
4538,907,A woman is walking past a Western themed gun shop.
4539,907,An older lady walks by looking at a store.
4540,908,Several cyclists race a course lines with yellow flags as an observer holds a camera.
4541,908,Large group of bikers racing in a competition.
4542,908,People are riding their bikes down a road.
4543,908,A group of people are riding bicycles.
4544,908,People in a bicycle race.
4545,909,A lady in a bikini is pouring a drink into a red cup for a man who is wearing trunks and sunglasses.
4546,909,Brunette woman in a white bikini pouring a drink into a man's cup.
4547,909,A woman is standing in a bikini serving a man a drink.
4548,909,A woman in a bikini is pouring a drink for a man.
4549,909,A woman in a bikini pours a drink for a man.
4550,910,Several Hispanic workers in blue safety hats and orange safety vests stand before their leader in a yellow safety hat.
4551,910,Construction workers in blue hats and orange vest listen to a man in a yellow hat and orange vest.
4552,910,Five workers wearing life jackets are standing around.
4553,910,Six men in orange vests and hard hats on a ship.
4554,910,Three men wear blue hard hats and orange vests.
4555,911,A young girl with curly hair wearing a pink shirt currycombs a chestnut horse.
4556,911,Young girl brushing a horse with a handheld mane brush.
4557,911,A small girl wearing a pink outfit brushes a horse.
4558,911,A little girl in a pink shirt is brushing a horse.
4559,911,Little girl brushing a horse.
4560,912,Four dancers each dressed in black with a red ribbon around their waist are dancing.
4561,912,Five young ladies are dancing ballet with their legs kicked back and arms up high.
4562,912,Four wearing black with red ribbons are dancing on a stage with bright lights.
4563,912,Four ballet dancers in black costumes are performing on a stage.
4564,912,Ballerinas perform happily while performing the same pose.
4565,913,A young boy wearing a tuxedo with purple accents is carrying a satin pillow with a purple ribbon tied around it.
4566,913,"Very young boy standing in front of a bride and groom, wearing a suit and holding a ring-bearer's pillow."
4567,913,A ring bearer carrying a rung on a pillow at a wedding.
4568,913,The little ring bearer boy is wearing a lavender tie.
4569,913,A little boy in a suit holds the ring for a wedding.
4570,914,A young man holds up a hand written sign next to a woman with a multicolored umbrella.
4571,914,A man in sunglasses is holding a sign while four other people look into the distance.
4572,914,A man holds a sign in front of a group of people on a cloudy day.
4573,914,A man wearing sunglasses holds a sign at a demonstration.
4574,914,A man carries a sign while standing in the rain.
4575,915,"A woman is sitting in a field, blowing on a handful of dandelions, which are also called wishing flowers."
4576,915,A young woman seated in a freshly mown hayfield is blowing seeds from a bunch of dandelions.
4577,915,A woman is admiring and blowing dandelions on a beautiful spring day.
4578,915,A woman in a field of flowers is blowing on them.
4579,915,A woman blows dandelion puffs in a field.
4580,916,A woman with red dyed hair standing and walking with her purse among a group of seated people.
4581,916,A redheaded young woman dressed in black walking by a group of people sitting outdoors.
4582,916,The red-haired woman is walking past seated people.
4583,916,A young woman is walking through seated spectators.
4584,916,A redheaded woman walks through a crowded park.
4585,917,"An person, most likely an adult artist, is finger painting with chubby hands"
4586,917,"Two hands paint a picture using only color, circular lids and fingertips."
4587,917,A chubby child finger painting on a concrete floor.
4588,917,A young child's hands painting on paper.
4589,917,A young child is finger-painting.
4590,918,A man wearing blue jeans and a blue t-shirt crosses the street while talking on the phone.
4591,918,A young man in a blue t-shirt walks past an alley while talking on his cellphone.
4592,918,A man with brown hair talking on a cellphone while he is crossing the street.
4593,918,"A man, speaking on a cellphone, crosses a narrow street in a city."
4594,918,A man on his cellphone walking across an alley.
4595,919,Workers are eating a meal while one man sits on a pile of plywood.
4596,919,Several men sit outside on brick ledges built around tall trees.
4597,919,Workers are sitting next to a work zone eating food.
4598,919,Workers are taking a break during midday.
4599,919,People sitting down to eat.
4600,920,"A man with a black cap, a long beard, a plaid shirt, and black pants is looking out over water."
4601,920,A bearded man in a black cap is standing idly on a bridge looking out over the water.
4602,920,"An old man with a long, white beard is staring out over the water."
4603,920,A man with a long beard is looking at the water.
4604,920,A Jewish man is fishing by the seaside.
4605,921,Man in a military outfit handing something in a plastic bag to a group of children outside near a brown building.
4606,921,An Islamic soldier showing something to a group of Islamic children.
4607,921,Man in uniform sharing something with a group of children.
4608,921,A soldier is offering treats to a group of young boys.
4609,921,A soldier handing things out to children
4610,922,"Three members of a rock band are on stage in front of a crowd, one playing guitar, one playing drums, and one playing bass, with a large, lit-up ""W"" logo hanging behind them and smoke surrounding them."
4611,922,A Musical rock band of three members perform on stage with a giant well lit W shape symbol in the background.
4612,922,Two men playing guitar and one man playing the drums with a large W logo behind them.
4613,922,Band plays on stage with Weezer symbol in the background.
4614,922,"Two guitarist, and one drummer performing at a concert."
4615,923,"A man in a cap and red, blue, and white jacket looks off to the left while people are milling about behind him."
4616,923,A man in a red sweatshirt looks intently at something in a Best Buy store.
4617,923,A man in a red shirt and backwards hat looks off in the distance.
4618,923,A man in a backwards hat is standing in a Best Buy store.
4619,923,Man in red sweater with a backwards hat.
4620,924,An Asian man wearing a blue long-sleeve shirt and patterned pants is working with an old looking machine.
4621,924,A older Japanese man trying to fix a small red and gray machine.
4622,924,A man in camouflage pants sits next to machinery.
4623,924,Asian man in blue shirt works with a machine
4624,924,A worker is sitting down near a saw.
4625,925,A boy and girl getting splashed by streams of water on a sunny day.
4626,925,Two males and one female playing in a fountain of water.
4627,925,People getting sprayed by a fountain in a city
4628,925,Man in white shirt getting sprayed by water.
4629,925,Two youth getting squirted by water
4630,926,A man with leg tattoos and boots using a shovel in the street.
4631,926,A tattooed man cleaning the street gutter with a shovel.
4632,926,A tattooed man cleaning the street with a shovel.
4633,926,The man in shorts is cleaning out the gutters.
4634,926,A man with tattooed legs wields a shovel.
4635,927,A young man wearing khaki pants and a checked shirt is jumping over large rocks with green mountains and a lagoon in the background.
4636,927,A man wearing a plaid short-sleeve shirt and light brown pants jumps high in the air in front of mist covered mountains.
4637,927,Man in a plaid shirt jumping on some rocks that make him appear to be soaring over a valley.
4638,927,"A man jumps in the air over a pile of rocks, mountains in the background."
4639,927,A man jumps highly in front of a fjord.
4640,928,One boy in a blue shirt and jeans on a bicycle jumping over concrete steps in front of a building.
4641,928,A boy on a bike is in midair over a staircase in front of an old-style building in a city.
4642,928,A young man on a bicycling is jumping up the stairs on his bike.
4643,928,A BMX biker in the air on his bike over stairs near a building.
4644,928,A man doing a trick in the air on his bike.
4645,929,A man wearing a chef's coat is doing a demonstration for a group of people.
4646,929,Man pouring liquid from a pot to a bowl in front of a crowd.
4647,929,A chef from Hodo Soy is pouring batter into a bowl.
4648,929,A chef is pouring sauce from a pot into a bowl
4649,929,A man is pouring a liquid into a bowl.
4650,930,A dog owner watches their dog climb over the rocky outline of a walking path.
4651,930,Gray and white dog with red harness and leash going over a stone wall.
4652,930,A dog on a leash tries to get over a rock wall.
4653,930,A dog on a leash jumps over a stone wall.
4654,930,Dog on a red leash with a woman.
4655,931,"A crowd watches a woman emerging from under a small box while a man wearing a top hat, black and red checkered pants, stilts and a mustache assists her."
4656,931,A magician is performing a trick with the help of an assistant with a crowd watching.
4657,931,A man on stilts is performing a magical trick while onlookers enjoy.
4658,931,A puppet show consisting of humans standing on tall sticks.
4659,931,A clown and his assistant performing a magic act.
4660,932,A very young child is sitting behind an even younger child with her hands around him.
4661,932,A little girl holds a toddler while sitting on backyard trampoline.
4662,932,A young blond girl holds a smaller blond boy in her lap outdoors.
4663,932,A girl in pink is holding onto a young boy wearing red.
4664,932,A little girl is holding a little boy on her lap.
4665,933,Man being towed behind a boat skiboarding at a high rate of speed.
4666,933,"Sail boarder in midair, while being towed behind a boat."
4667,933,"A man wave surfing high in the air, out in the ocean."
4668,933,A wakeboarder is suspended in midair over water.
4669,933,A kite surfer with a white vest gets airborne.
4670,934,Band members playing with the drum major lifting up his drums to attack another member.
4671,934,"A man is about to throw a drum in the ground, while standing amidst a band."
4672,934,A band is setting up their equipment to play a show.
4673,934,The band has a heated disagreement.
4674,934,Musicians rocking out in the garage
4675,935,Elderly man with cane bends down to look at some plants and is steadied from behind.
4676,935,A man and a woman are standing behind an elderly man who is looking at a bush.
4677,935,A man holds up an older man as the older man bends down to check out plants.
4678,935,An older man in a white short-sleeve shirt admiring a bush.
4679,935,Elderly man with a cane bends over near a man and woman.
4680,936,"Three dogs, one Rottweiler with a tennis ball in its mouth, one Irish Setter and one Corgi are running in field."
4681,936,"Three dogs trot on a stretch of grass, and one dog is carrying a tennis ball."
4682,936,Three dogs with tongues out running on the grass with a tennis ball.
4683,936,Three dogs are running side by side on the grass.
4684,936,Three dogs running in a field.
4685,937,"A man in a scary old man mask, a woman, and a child in front of a cafe."
4686,937,"Man dressed in an old man mask, while a little boy looks on interested."
4687,937,A man outside a cafe is holding a grotesque mask.
4688,937,A man wearing a scary mask in a show.
4689,937,Man wearing a mask of an old man.
4690,938,A foreign country street where people are walking and sitting at tables eating taking in the sites.
4691,938,Several people are gathered on a cobbled city street.
4692,938,Tourists walk on cobbled streets past restaurant.
4693,938,People milling around outside a european cafe.
4694,938,People eating at a outside cafe.
4695,939,A basketball player in a red uniform is trying to make a basket but is being blocked by the opposing team.
4696,939,A basketball player attempting to control the ball near the basket rim.
4697,939,Two men jump up for the ball near the hoop in a basketball game.
4698,939,Two teams playing basketball on a court in a stadium.
4699,939,A basketball player is scoring a basket.
4700,940,The man in the white shirt is sitting on a rock with a pole in front of him.
4701,940,A man sits on a rock next to a folding deck chair and a fishing pole.
4702,940,Man sits near water with fishing pole and empty camping chair.
4703,940,A man sits on rocks by an empty chair at the ocean's edge.
4704,940,A man sits with fishing poles near a body of water.
4705,941,"The man in gray trousers is playing a black guitar, and the man in blue jeans is playing a black and blue guitar."
4706,941,A middle-aged man is holding an acoustic guitar while a man wearing a hat is holding an electric bass.
4707,941,Two men play the acoustic guitar and the bass.
4708,941,Two middle-aged men play guitar on a stage.
4709,941,Two older men playing guitar and bass.
4710,942,"A man in a white button up shirt, and a man in a brown button up shirt discussing something over a table of food."
4711,942,2 men wearing neutral color clothes have a conversation over a meal.
4712,942,Two men have an after dinner discussion at the dinner table.
4713,942,Married couple having dinner conversation.
4714,942,A man and woman sit at a cluttered table.
4715,943,"Three men with matching shirts, pants and hats and a man in robe are in a room."
4716,943,"Four men who look alike sit in chairs, while two of them drink from glasses."
4717,943,There is 4 pictures of the same guy and he has a crown on in 3 of them.
4718,943,Four of the same man in the same room.
4719,943,Four men wearing plaid sit on chairs.
4720,944,A priest performs religious ceremonies against a colorful backdrop that includes a statue and various religious objects.
4721,944,A heavily adorned buddhist or hindu religious figure wearing an ornate crown on an ornate throne holding a quill.
4722,944,Buddhist man with glasses sits at highly decorated desk in colorful office waving around a peacock feather.
4723,944,A man wearing a large crown sitting at a desk raising an item over his head.
4724,944,An older man wears an ornate head piece and sits at a desk.
4725,945,A man in a pair of jeans and a yellow shirt with a paper hanging out of his back pocket enjoys a laugh with a man in jeans and a white shirt at what looks like a meeting coming to an end.
4726,945,"Several men of Indian origin are conversing and one, in particular, seems very excited about the conversation."
4727,945,A group of men talk to one another in a bright office space.
4728,945,Two men are talking to each other in the middle of a room.
4729,945,Two males speaking to each other at a training center.
4730,946,"Two little girls in bathing suits sit on the shore of a lake, watching someone fishing from a boat."
4731,946,Two little girls in pink bathing suit tops sit on rocks by the water.
4732,946,Two girls sit along a lake while a man in the background fishes
4733,946,Two girls looking out over a lake towards a man fishing.
4734,946,Two girls on the shore watch people in a boat fish.
4735,947,"Two soccer players, one wearing red and one wearing white, are competing to kick a soccer ball across a soccer field."
4736,947,"Two men, one wearing red uniform with white stripes and the other a white uniform are playing soccer."
4737,947,Two soccer player on a green field play with a soccer ball.
4738,947,Two professional men's soccer players playing soccer.
4739,947,Two men playing soccer on a field.
4740,948,A young girl with braids is painting with water colors on a white paper on the wall.
4741,948,The child paints on a large paper with water colors.
4742,948,An artist paints clouds onto a canvas.
4743,948,A young girl painting a picture.
4744,948,A child painting a picture.
4745,949,A man with gray hair and glasses looks downwards.
4746,949,A closeup of an elderly man wearing glasses.
4747,949,A man wearing glasses looks down and smiles.
4748,949,An elderly man looks down and smiles.
4749,949,Gray-haired man with glasses.
4750,950,A crowded busy dock with people standing next to a freight car either loading or unloading it .aa.
4751,950,People at a dock receiving and shipping out merchandise near a nice big white boat.
4752,950,Men are standing next to a pallet of goods near a boat.
4753,950,Shipyard workers are standing around.
4754,950,Cargo is being loaded onto a ship.
4755,951,A man in a checkered shirt and some striped trousers seems to be playing with some water.
4756,951,A man with striped pants plays with water in front of a crowd.
4757,951,A man in blue and yellow shorts holds his hand over water.
4758,951,Spectators watch a man stick his hand in a jet of water.
4759,951,Man wearing suspenders standing in a fountain systems.
4760,952,A person sits on the front deck of a ship and a city and another ships is lit up in the distance.
4761,952,A man is sitting on the end of hit boat overlooking the water.
4762,952,A ship in a harbor at night with a city skyline behind.
4763,952,A large ship on the water at dusk.
4764,952,A boat is illuminated at night.
4765,953,"Two boys, one wearing a black shirt and the other wearing a white shirt, appear to be doing some type of karate moves on the basketball court."
4766,953,Two boys are in martial arts poses in an outside basketball court.
4767,953,Two young men perform martial arts in front of a basketball hoop.
4768,953,Two teenage boy in the park on basketball court doing karate.
4769,953,2 kids doing martial arts on playground
4770,954,A little girl wrapped in a dark blanket smiles broadly and stirs a spoon in a pan while she stands beside a crowded kitchen counter.
4771,954,Young girl stirs a pot with a spoon in the kitchen while wearing a large black blanket.
4772,954,"Young, laughing, Asian child in a kitchen stirs a metal container with metal spoon."
4773,954,A little girl with a bindi laughs as she stirs a pot in the kitchen.
4774,954,A child standing and stirring a pot of food.
4775,955,"A calf standing behind a bull in a mountainous region, surrounded by people."
4776,955,Two brown cows in a scenic green valley with a group of people behind them.
4777,955,2 cows in a field with a lake and some people in the background.
4778,955,Two cows graze in a field with a lake in the background.
4779,955,A cow farm at the base of a mountain near a lake.
4780,956,Surfers in swimming trunks riding waves on their surfboards in the blue ocean.
4781,956,A man is doing a jump on the surfboard near other people in the water.
4782,956,A group of people are surfing in the ocean.
4783,956,A surfer gets air while others watch.
4784,956,The image links are broken.
4785,957,"A group of people, led by a man with a backpack, are walking past people sitting on the grass in front of an old building."
4786,957,A group of people are walking in front of a large stone building.
4787,957,A group of people walk outside near some old buildings.
4788,957,A crowd of students roaming around a college campus.
4789,957,A large group gathers in front of a castle.
4790,958,Two brown and white dogs play roughly in a clearing of a wooded area.
4791,958,Two dogs are biting each other in the woods.
4792,958,Two brown dogs playing in a rough manner.
4793,958,Two brown dogs fight on the leafy ground.
4794,958,Two brown dogs wearing collars fighting.
4795,959,A little girl is climbing a wooden wall in a park and another man in a red shirt is walking on the trail.
4796,959,A man is walking on a trail in the woods while a young girl is attempting to climb some boards of wood.
4797,959,A blond-haired girl in denim shorts climbs a retaining wall along a path next to a river.
4798,959,A girl on wood and a man walking outside.
4799,959,A little blond girl is climbing.
4800,960,Three people walking down a street with a bicycle and two umbrellas.
4801,960,A woman walks with her bike behind two people carrying umbrellas.
4802,960,Three people are traveling together toward the city.
4803,960,Three women walking down the road with umbrellas.
4804,960,3 women walking down a road
4805,961,A crowd gathered at an ice skating park in the winter.
4806,961,A crowd of people ice skating outside in winter.
4807,961,A large crowd of people ice skating outdoors.
4808,961,A lot of people iceskate on a cold day.
4809,961,A large crowd of people ice skating.
4810,962,"A man in glasses and a black leather motorcycle jacket stands in a narrow laundromat, one arm outstretched as if to balance himself, the other adjusts his glasses."
4811,962,"A man is standing in a laundromat with a leather jacket and dark-rimmed glasses, holding his hand on his head."
4812,962,A young man wearing glasses looks frustrated in a laundromat.
4813,962,A man making a contemplative pose in a laundry room.
4814,962,Man in leather jacket holding glasses at laundromat.
4815,963,"A man in a tank top and shorts is sitting talking to a woman dressed in a red dress, holding a bottle, outside of a building."
4816,963,A man and woman sitting outside a shop next to an empty road.
4817,963,A couple is drinking beer with bikes next to them.
4818,963,Two people enjoying a drink next to there bikes.
4819,963,Two people sitting outside conversing.
4820,964,A poster depicting the president of Poland hangs above a McDonald's restaurant.
4821,964,Bronislaw Komorowski's campaign sign floats above a McDonald's.
4822,964,A billboard of a man is above a McDonald's restaurant.
4823,964,A few people walk in front of a McDonald's.
4824,964,Advertisement for Bronislaw Komorowski.
4825,965,"A group walking in the middle of a walkway with a green divider, and a woman is walking by herself off to the right."
4826,965,People are walking outside and wearing dark colors.
4827,965,A group of people walk up a ramp on a cloudy day.
4828,965,Several people walking away from a building.
4829,965,A group of tourist walking down the street.
4830,966,A man in black pants and a black tee is sitting on a bench in front of a truck.
4831,966,Bald man in black clothes sits on a bench in front of a large truck.
4832,966,A man in dark clothing sits on a bench in front of a truck.
4833,966,A bald man is sitting on a bench in front of a red truck.
4834,966,A man uses his phone on a bench in front of a truck.
4835,967,A baby boy in a car seat is asleep and crying.
4836,967,A baby in a blue shirt cries in his car seat.
4837,967,An infant sits in a car seat and cries.
4838,967,A young toddler is seen crying.
4839,967,A baby in a car seat crying.
4840,968,Shoppers walking down an isle of a grocery store.
4841,968,A few people walking through the grocery store.
4842,968,People trying to do shopping in a small town.
4843,968,People walking around in a store shopping.
4844,968,People are in a grocery store.
4845,969,"A man stands at the top of a ladder, extending his right hand to another man that is holding a cable from a third story window."
4846,969,"A man in shorts stands on a ladder almost three stories up from the ground, reaching for a cable."
4847,969,A man in a gray t-shirt atop a ladder reaching out to another man inside the buildings window
4848,969,A man standing on a ladder talking to another man who is hanging out of a window.
4849,969,A man is on a ladder which is leaning against a building.
4850,970,"There is a man in a purple shirt, leather chaps and a red bandanna, standing near other men."
4851,970,A man dressed in a purple shirt and red bandanna smiles at the people watching him.
4852,970,A man wearing a purple shirt and black leather chaps poses for the camera.
4853,970,Man dressed in leather chaps and purple shirt stands in front of onlookers
4854,970,A man on the street wearing leather chaps and a chainmail codpiece.
4855,971,A basketball player is jumping and holding a basketball over the net.
4856,971,The basketball player is dropping the basketball into the net.
4857,971,A basketball player in white leaps up at the net.
4858,971,A man jumps with a basketball to make a hoop.
4859,971,A basketball player slam dunks the ball.
4860,972,Two girls walking in a parade with a sign that says riverview high school kiltie band.
4861,972,A High School band is marching down a crowded street wearing kilts.
4862,972,The Riverview High School Kiltie Band marches in a parade.
4863,972,The Riverview High School Kiltie Band on Parade.
4864,972,A high school band is walking in a parade.
4865,973,A little girl in a red sweater and blue skirt is in the hay.
4866,973,A child in a bright red jacket runs through a pile of hay.
4867,973,The boy is running through hay at a pumpkin patch.
4868,973,A young child dances on a straw surface.
4869,973,The child is walking through straw.
4870,974,A woman wearing a hat and clunky high heels is sitting on a park bench under a tree.
4871,974,"A lone woman in a hat is sitting outside on a bench, under a tree."
4872,974,A woman is sitting on a bench outside under a tree.
4873,974,A girl is sitting on a park bench.
4874,974,A woman in park with a more bag.
4875,975,Rear view of a choir group standing on risers with a chair filling a space between the risers.
4876,975,"A choir, consisting of young people, viewed from behind."
4877,975,A choir is standing up on a podium singing a song.
4878,975,Rear view of a boy's choir singing in a church.
4879,975,A choir of men standing in a street singing.
4880,976,A person is walking their brown dog over large rocks near the ocean.
4881,976,Man and dog standing on rocks next to water
4882,976,A dog and his owner at a rocky beach.
4883,976,A man and a dog on rocks on a beach.
4884,976,A man and dog on a rocky seashore.
4885,977,"A man in a long gray gown and hat is standing with his hand on a mule that is wearing blankets and decorations on a stone street outside of a building, with a number of other people in the background."
4886,977,"Man clothed in a traditional dress like attire, while standing next to his mule who also seems to be clothed as well."
4887,977,A man and his donkey stand along a sidewalk.
4888,977,A man in an alley with his mule.
4889,977,Older man stands by his donkey.
4890,978,A woman with long brown hair plays an instrument and sings into a microphone.
4891,978,A young girl is playing a musical instrument and singing into a microphone.
4892,978,A young lady plays the harpsichord while signing into a microphone.
4893,978,A girl performing with an acoustic electric auto harp.
4894,978,A young girl plays her instrument at a concert.
4895,979,A single girls stands on an empty plaza looking at the large buildings in a city across the river.
4896,979,"A woman in a black dress, stands alone, looking out to a city."
4897,979,Woman in black and white dress looking over a city skyline.
4898,979,A dark-haired woman is gazing at the city skyline.
4899,979,A lady is viewing a city sky-line.
4900,980,Motorcycle riders enjoy a sunny day on the road.
4901,980,A street which is lined with many motorcycles.
4902,980,A group of motorcyclists on a sunny day.
4903,980,A motorcycle gang on display.
4904,980,Bikers stopped on a road.
4905,981,"A baby in a stroller, and several men sit below a structure that is casting striped shadows on them."
4906,981,The people are sitting at tables under the pergola.
4907,981,People are sitting outside on a deck at tables.
4908,981,People sitting outside with lattice shadows.
4909,981,"People sit, eat, and relax in the shade."
4910,982,A young child with a blue shirt is watching an arcade game in progress.
4911,982,A woman dressed in a gray shirt playing a horse racing game.
4912,982,A young blond girl plays an arcade game called The Derby.
4913,982,A little girl is playing The Derby game at an arcade
4914,982,A kid playing a game called The Derby.
4915,983,There is one man standing behind the counter at a restaurant where all the words on the signs are in Spanish.
4916,983,Getting things ready for the crowd at the spanish food restaurant in NY.
4917,983,A man selling food from his mexican food from his van.
4918,983,Man in a baseball cap working at a Mexican restaurant.
4919,983,The market man prepares the meat for sale.
4920,984,"A young woman wearing a short black and white skirt and no shoes, carrying a toddler wearing a red outfit and a hat while walking into deeper water from the shallow water on a beach."
4921,984,A woman holding a young child in a red polka dot bathing suit is walking in the water at the beach.
4922,984,"At a beach, a woman, carrying a small child, walk into the water."
4923,984,A woman on a beach carries a young child into the water
4924,984,A woman is carrying a child on the beach.
4925,985,A woman in a straw hat standing in front of a table covered in miscellaneous items.
4926,985,A woman in an Asian style hat standing in front of a table covered with goods.
4927,985,A woman wearing a hat looks at a table filled with antiques.
4928,985,Woman in a hat selling items in a stall.
4929,985,Woman wearing a hat outside at a shop
4930,986,Two wrestlers competing on a mat in front of a crowd of onlookers.
4931,986,"Two young boys are in a wrestling match, on a mat."
4932,986,Two wrestlers competing for the win.
4933,986,Two wrestlers competing in a match.
4934,986,Wrestlers grapple on the floor.
4935,987,A boy holding a ball falls down in front of another boy who has his arms reaching out while an older man in a green shirt smiles and watches.
4936,987,Two adolescents play football in a residential yard while an older man watches.
4937,987,Three men laugh as one falls to the ground holding a white ball.
4938,987,Boys playing ball on grass while man in green shirt watches
4939,987,A soccer player just caught the ball in front of the goal
4940,988,Man in a blue number 78 sports jersey walking down city street past a white SUV
4941,988,Man in blue shirt with the number 78 on the back walking down that street.
4942,988,A man wearing a jersey is walking down a street.
4943,988,Man in a blue shirt walks down a sidewalk.
4944,988,A guy walking down the sidewalk.
4945,989,A young woman is deciding where to put canned goods on a table filled with boxes of canned goods.
4946,989,A woman has a many cartons of various foods outside and is holding a can.
4947,989,A few people are packing food into containers and boxes.
4948,989,A woman is taking food from a food stand.
4949,989,A woman is rearranging cans in bins.
4950,990,Inside a house a old man is looking at a paper that has a picture of a topless woman on the cover.
4951,990,An older man is sitting in a chair while looking at a magazine.
4952,990,Old man reading a newspaper with a almost nude woman on cover.
4953,990,A man is reading the newspaper while sitting in a chair.
4954,990,Old man with glasses reading the newspaper.
4955,991,"The young, blond-haired child playing on the outdoor play gym is preparing to slide down the firehouse pole."
4956,991,A toddler in a white sweatshirt is getting ready to grab the pole.
4957,991,A toddler attempts to swing down a pole at the playground.
4958,991,A blond toddler is standing and waving on the playground.
4959,991,A little boy is trying to grab hold of a pole.
4960,992,"A musician is playing his guitar, and his blond-hair is hiding his face, and he has tattoos on his arm."
4961,992,A person with long auburn hair and a cat tattoo is playing a red electric guitar
4962,992,A person with long blond-hair is playing a red electric guitar.
4963,992,A long-haired person is playing an electric guitar.
4964,992,Dirty blond man with tattoos is playing a guitar.
4965,993,A man waiting for the results of the machine after doing an experiment in his laboratory.
4966,993,A man in blue with his mouth open beside a medical apparatus.
4967,993,"A medical employee wearing scrubs, monitoring equipment."
4968,993,Man in scrubs yawns next to a medical device.
4969,993,A anesthesiologist getting sleepy on the job.
4970,994,A female dog owner and her dog are being judged as part of a dog show.
4971,994,A sheepdog is being looked over by judges at a dog show.
4972,994,A judge inspecting a gray dog at a dog show.
4973,994,People judge a gray and white dog in a show.
4974,994,A bunch of people at a dog show.
4975,995,People walk on a wet sidewalk that has red bricks inlaid in it.
4976,995,A crowd walks on a sidewalk shortly after it has rained.
4977,995,A group of people walking after a spring shower.
4978,995,Tourists enjoying the local shops.
4979,995,People walking along a sidewalk.
4980,996,A young girl and boy in swimsuits happily play in the sand on a beach.
4981,996,Two children are on the beach and are playing in the wet sand.
4982,996,Little boy and little girl having fun with sand on the beach.
4983,996,A boy and girl make sand sculptures at the beach.
4984,996,Two kids having fun burning dad in the sand.
4985,997,A young boy with shoulder length blond-hair and black and red shorts stands in a lake.
4986,997,A child wearing red shorts is in the water.
4987,997,A boy with no shirt is standing in water.
4988,997,A young boy is in the water at the beach.
4989,997,A young boy playing in the water.
4990,998,A woman in a scarf looks sideways at the camera and holds a small child.
4991,998,An adult is nuzzling a child that is looking into the distance.
4992,998,A woman in a headdress is holding a little boy wearing blue.
4993,998,A woman wearing a head covering holding an infant
4994,998,A mother is holding a child.
4995,999,"A woman in a pink shirt stands behind a table with many salad dressings, and paper plates."
4996,999,A woman stands at a covered table with condiments on it with a wide open field behind her.
4997,999,A woman with sunglasses standing at a table with condiments.
4998,999,A woman is standing in front of a table of condiments.
4999,999,A woman is standing behind a table
