model,split,accuracy,precision,recall,f1
Text-only Logistic Regression,validation,0.5,0.0,0.0,0.0
Multimodal Logistic Regression,validation,0.5,0.0,0.0,0.0
Multimodal MLP,train,0.6613344827586207,0.7322696267760159,0.5086344827586207,0.600300345519439
Multimodal MLP,validation,0.6411242603550296,0.7145427286356821,0.4700197238658777,0.5670434265318263
